time_s,host_id,vm_id,cpu_util,power_w,temp_c,label
0.1,0,0,0.500,678.64,51.1,0
0.1,1,1,0.500,676.39,48.8,0
0.1,2,2,0.500,678.33,50.8,0
0.1,0,3,0.500,676.38,49.7,0
0.1,1,4,0.500,677.32,49.6,0
0.1,2,5,0.500,676.93,51.6,0
20.1,0,0,0.500,678.64,51.1,0
20.1,1,1,0.500,676.39,48.8,0
20.1,2,2,0.500,678.33,50.8,0
20.1,0,3,0.500,676.38,49.7,0
20.1,1,4,0.500,677.32,49.6,0
20.1,2,5,0.500,676.93,51.6,0
200.0,0,0,0.750,678.64,63.6,1
200.0,1,1,0.750,676.39,61.3,1
200.0,2,2,0.750,678.33,63.3,1
200.0,0,3,0.750,676.38,62.2,1
200.0,1,4,0.750,677.32,62.1,1
200.0,2,5,0.750,676.93,64.1,1
200.1,0,0,0.250,603.64,48.6,1
200.1,1,1,0.250,601.39,46.3,1
200.1,2,2,0.250,603.33,48.3,1
200.1,0,3,0.250,601.38,47.2,1
200.1,1,4,0.250,602.32,47.1,1
200.1,2,5,0.250,601.93,49.1,1
200.2,0,0,0.250,603.64,48.6,1
200.2,1,1,0.250,601.39,46.3,1
200.2,2,2,0.250,603.33,48.3,1
200.2,0,3,0.250,601.38,47.2,1
200.2,1,4,0.250,602.32,47.1,1
200.2,2,5,0.250,601.93,49.1,1
200.3,0,0,0.250,603.64,48.6,1
200.3,1,1,0.250,601.39,46.3,1
200.3,2,2,0.250,603.33,48.3,1
200.3,0,3,0.250,601.38,47.2,1
200.3,1,4,0.250,602.32,47.1,1
200.3,2,5,0.250,601.93,49.1,1
200.4,0,0,0.250,603.64,48.6,1
200.4,1,1,0.250,601.39,46.3,1
200.4,2,2,0.250,603.33,48.3,1
200.4,0,3,0.250,601.38,47.2,1
200.4,1,4,0.250,602.32,47.1,1
200.4,2,5,0.250,601.93,49.1,1
200.5,0,0,0.250,603.64,48.6,1
200.5,1,1,0.250,601.39,46.3,1
200.5,2,2,0.250,603.33,48.3,1
200.5,0,3,0.250,601.38,47.2,1
200.5,1,4,0.250,602.32,47.1,1
200.5,2,5,0.250,601.93,49.1,1
200.6,0,0,0.250,603.64,48.6,1
200.6,1,1,0.250,601.39,46.3,1
200.6,2,2,0.250,603.33,48.3,1
200.6,0,3,0.250,601.38,47.2,1
200.6,1,4,0.250,602.32,47.1,1
200.6,2,5,0.250,601.93,49.1,1
200.7,0,0,0.250,603.64,48.6,1
200.7,1,1,0.250,601.39,46.3,1
200.7,2,2,0.250,603.33,48.3,1
200.7,0,3,0.250,601.38,47.2,1
200.7,1,4,0.250,602.32,47.1,1
200.7,2,5,0.250,601.93,49.1,1
200.8,0,0,0.250,603.64,48.6,1
200.8,1,1,0.250,601.39,46.3,1
200.8,2,2,0.250,603.33,48.3,1
200.8,0,3,0.250,601.38,47.2,1
200.8,1,4,0.250,602.32,47.1,1
200.8,2,5,0.250,601.93,49.1,1
200.9,0,0,0.250,603.64,48.6,1
200.9,1,1,0.250,601.39,46.3,1
200.9,2,2,0.250,603.33,48.3,1
200.9,0,3,0.250,601.38,47.2,1
200.9,1,4,0.250,602.32,47.1,1
200.9,2,5,0.250,601.93,49.1,1
201.0,0,0,0.250,603.64,48.6,1
201.0,1,1,0.250,601.39,46.3,1
201.0,2,2,0.250,603.33,48.3,1
201.0,0,3,0.250,601.38,47.2,1
201.0,1,4,0.250,602.32,47.1,1
201.0,2,5,0.250,601.93,49.1,1
201.1,0,0,0.250,603.64,48.6,1
201.1,1,1,0.250,601.39,46.3,1
201.1,2,2,0.250,603.33,48.3,1
201.1,0,3,0.250,601.38,47.2,1
201.1,1,4,0.250,602.32,47.1,1
201.1,2,5,0.250,601.93,49.1,1
201.2,0,0,0.250,603.64,48.6,1
201.2,1,1,0.250,601.39,46.3,1
201.2,2,2,0.250,603.33,48.3,1
201.2,0,3,0.250,601.38,47.2,1
201.2,1,4,0.250,602.32,47.1,1
201.2,2,5,0.250,601.93,49.1,1
201.3,0,0,0.250,603.64,48.6,1
201.3,1,1,0.250,601.39,46.3,1
201.3,2,2,0.250,603.33,48.3,1
201.3,0,3,0.250,601.38,47.2,1
201.3,1,4,0.250,602.32,47.1,1
201.3,2,5,0.250,601.93,49.1,1
201.4,0,0,0.250,603.64,48.6,1
201.4,1,1,0.250,601.39,46.3,1
201.4,2,2,0.250,603.33,48.3,1
201.4,0,3,0.250,601.38,47.2,1
201.4,1,4,0.250,602.32,47.1,1
201.4,2,5,0.250,601.93,49.1,1
201.5,0,0,0.250,603.64,48.6,1
201.5,1,1,0.250,601.39,46.3,1
201.5,2,2,0.250,603.33,48.3,1
201.5,0,3,0.250,601.38,47.2,1
201.5,1,4,0.250,602.32,47.1,1
201.5,2,5,0.250,601.93,49.1,1
201.6,0,0,0.250,603.64,48.6,1
201.6,1,1,0.250,601.39,46.3,1
201.6,2,2,0.250,603.33,48.3,1
201.6,0,3,0.250,601.38,47.2,1
201.6,1,4,0.250,602.32,47.1,1
201.6,2,5,0.250,601.93,49.1,1
201.7,0,0,0.250,603.64,48.6,1
201.7,1,1,0.250,601.39,46.3,1
201.7,2,2,0.250,603.33,48.3,1
201.7,0,3,0.250,601.38,47.2,1
201.7,1,4,0.250,602.32,47.1,1
201.7,2,5,0.250,601.93,49.1,1
201.8,0,0,0.250,603.64,48.6,1
201.8,1,1,0.250,601.39,46.3,1
201.8,2,2,0.250,603.33,48.3,1
201.8,0,3,0.250,601.38,47.2,1
201.8,1,4,0.250,602.32,47.1,1
201.8,2,5,0.250,601.93,49.1,1
201.9,0,0,0.250,603.64,48.6,1
201.9,1,1,0.250,601.39,46.3,1
201.9,2,2,0.250,603.33,48.3,1
201.9,0,3,0.250,601.38,47.2,1
201.9,1,4,0.250,602.32,47.1,1
201.9,2,5,0.250,601.93,49.1,1
202.0,0,0,0.250,603.64,48.6,1
202.0,1,1,0.250,601.39,46.3,1
202.0,2,2,0.250,603.33,48.3,1
202.0,0,3,0.250,601.38,47.2,1
202.0,1,4,0.250,602.32,47.1,1
202.0,2,5,0.250,601.93,49.1,1
202.1,0,0,0.250,603.64,48.6,1
202.1,1,1,0.250,601.39,46.3,1
202.1,2,2,0.250,603.33,48.3,1
202.1,0,3,0.250,601.38,47.2,1
202.1,1,4,0.250,602.32,47.1,1
202.1,2,5,0.250,601.93,49.1,1
202.2,0,0,0.250,603.64,48.6,1
202.2,1,1,0.250,601.39,46.3,1
202.2,2,2,0.250,603.33,48.3,1
202.2,0,3,0.250,601.38,47.2,1
202.2,1,4,0.250,602.32,47.1,1
202.2,2,5,0.250,601.93,49.1,1
202.3,0,0,0.250,603.64,48.6,1
202.3,1,1,0.250,601.39,46.3,1
202.3,2,2,0.250,603.33,48.3,1
202.3,0,3,0.250,601.38,47.2,1
202.3,1,4,0.250,602.32,47.1,1
202.3,2,5,0.250,601.93,49.1,1
202.4,0,0,0.250,603.64,48.6,1
202.4,1,1,0.250,601.39,46.3,1
202.4,2,2,0.250,603.33,48.3,1
202.4,0,3,0.250,601.38,47.2,1
202.4,1,4,0.250,602.32,47.1,1
202.4,2,5,0.250,601.93,49.1,1
202.5,0,0,0.250,603.64,48.6,1
202.5,1,1,0.250,601.39,46.3,1
202.5,2,2,0.250,603.33,48.3,1
202.5,0,3,0.250,601.38,47.2,1
202.5,1,4,0.250,602.32,47.1,1
202.5,2,5,0.250,601.93,49.1,1
202.6,0,0,0.250,603.64,48.6,1
202.6,1,1,0.250,601.39,46.3,1
202.6,2,2,0.250,603.33,48.3,1
202.6,0,3,0.250,601.38,47.2,1
202.6,1,4,0.250,602.32,47.1,1
202.6,2,5,0.250,601.93,49.1,1
202.7,0,0,0.250,603.64,48.6,1
202.7,1,1,0.250,601.39,46.3,1
202.7,2,2,0.250,603.33,48.3,1
202.7,0,3,0.250,601.38,47.2,1
202.7,1,4,0.250,602.32,47.1,1
202.7,2,5,0.250,601.93,49.1,1
202.8,0,0,0.250,603.64,48.6,1
202.8,1,1,0.250,601.39,46.3,1
202.8,2,2,0.250,603.33,48.3,1
202.8,0,3,0.250,601.38,47.2,1
202.8,1,4,0.250,602.32,47.1,1
202.8,2,5,0.250,601.93,49.1,1
202.9,0,0,0.250,603.64,48.6,1
202.9,1,1,0.250,601.39,46.3,1
202.9,2,2,0.250,603.33,48.3,1
202.9,0,3,0.250,601.38,47.2,1
202.9,1,4,0.250,602.32,47.1,1
202.9,2,5,0.250,601.93,49.1,1
203.0,0,0,0.250,603.64,48.6,1
203.0,1,1,0.250,601.39,46.3,1
203.0,2,2,0.250,603.33,48.3,1
203.0,0,3,0.250,601.38,47.2,1
203.0,1,4,0.250,602.32,47.1,1
203.0,2,5,0.250,601.93,49.1,1
203.1,0,0,0.250,603.64,48.6,1
203.1,1,1,0.250,601.39,46.3,1
203.1,2,2,0.250,603.33,48.3,1
203.1,0,3,0.250,601.38,47.2,1
203.1,1,4,0.250,602.32,47.1,1
203.1,2,5,0.250,601.93,49.1,1
203.2,0,0,0.250,603.64,48.6,1
203.2,1,1,0.250,601.39,46.3,1
203.2,2,2,0.250,603.33,48.3,1
203.2,0,3,0.250,601.38,47.2,1
203.2,1,4,0.250,602.32,47.1,1
203.2,2,5,0.250,601.93,49.1,1
203.3,0,0,0.250,603.64,48.6,1
203.3,1,1,0.250,601.39,46.3,1
203.3,2,2,0.250,603.33,48.3,1
203.3,0,3,0.250,601.38,47.2,1
203.3,1,4,0.250,602.32,47.1,1
203.3,2,5,0.250,601.93,49.1,1
203.4,0,0,0.250,603.64,48.6,1
203.4,1,1,0.250,601.39,46.3,1
203.4,2,2,0.250,603.33,48.3,1
203.4,0,3,0.250,601.38,47.2,1
203.4,1,4,0.250,602.32,47.1,1
203.4,2,5,0.250,601.93,49.1,1
203.5,0,0,0.250,603.64,48.6,1
203.5,1,1,0.250,601.39,46.3,1
203.5,2,2,0.250,603.33,48.3,1
203.5,0,3,0.250,601.38,47.2,1
203.5,1,4,0.250,602.32,47.1,1
203.5,2,5,0.250,601.93,49.1,1
203.6,0,0,0.250,603.64,48.6,1
203.6,1,1,0.250,601.39,46.3,1
203.6,2,2,0.250,603.33,48.3,1
203.6,0,3,0.250,601.38,47.2,1
203.6,1,4,0.250,602.32,47.1,1
203.6,2,5,0.250,601.93,49.1,1
203.7,0,0,0.250,603.64,48.6,1
203.7,1,1,0.250,601.39,46.3,1
203.7,2,2,0.250,603.33,48.3,1
203.7,0,3,0.250,601.38,47.2,1
203.7,1,4,0.250,602.32,47.1,1
203.7,2,5,0.250,601.93,49.1,1
203.8,0,0,0.250,603.64,48.6,1
203.8,1,1,0.250,601.39,46.3,1
203.8,2,2,0.250,603.33,48.3,1
203.8,0,3,0.250,601.38,47.2,1
203.8,1,4,0.250,602.32,47.1,1
203.8,2,5,0.250,601.93,49.1,1
203.9,0,0,0.250,603.64,48.6,1
203.9,1,1,0.250,601.39,46.3,1
203.9,2,2,0.250,603.33,48.3,1
203.9,0,3,0.250,601.38,47.2,1
203.9,1,4,0.250,602.32,47.1,1
203.9,2,5,0.250,601.93,49.1,1
204.0,0,0,0.250,603.64,48.6,1
204.0,1,1,0.250,601.39,46.3,1
204.0,2,2,0.250,603.33,48.3,1
204.0,0,3,0.250,601.38,47.2,1
204.0,1,4,0.250,602.32,47.1,1
204.0,2,5,0.250,601.93,49.1,1
204.1,0,0,0.250,603.64,48.6,1
204.1,1,1,0.250,601.39,46.3,1
204.1,2,2,0.250,603.33,48.3,1
204.1,0,3,0.250,601.38,47.2,1
204.1,1,4,0.250,602.32,47.1,1
204.1,2,5,0.250,601.93,49.1,1
204.2,0,0,0.250,603.64,48.6,1
204.2,1,1,0.250,601.39,46.3,1
204.2,2,2,0.250,603.33,48.3,1
204.2,0,3,0.250,601.38,47.2,1
204.2,1,4,0.250,602.32,47.1,1
204.2,2,5,0.250,601.93,49.1,1
204.3,0,0,0.250,603.64,48.6,1
204.3,1,1,0.250,601.39,46.3,1
204.3,2,2,0.250,603.33,48.3,1
204.3,0,3,0.250,601.38,47.2,1
204.3,1,4,0.250,602.32,47.1,1
204.3,2,5,0.250,601.93,49.1,1
204.4,0,0,0.250,603.64,48.6,1
204.4,1,1,0.250,601.39,46.3,1
204.4,2,2,0.250,603.33,48.3,1
204.4,0,3,0.250,601.38,47.2,1
204.4,1,4,0.250,602.32,47.1,1
204.4,2,5,0.250,601.93,49.1,1
204.5,0,0,0.250,603.64,48.6,1
204.5,1,1,0.250,601.39,46.3,1
204.5,2,2,0.250,603.33,48.3,1
204.5,0,3,0.250,601.38,47.2,1
204.5,1,4,0.250,602.32,47.1,1
204.5,2,5,0.250,601.93,49.1,1
204.6,0,0,0.250,603.64,48.6,1
204.6,1,1,0.250,601.39,46.3,1
204.6,2,2,0.250,603.33,48.3,1
204.6,0,3,0.250,601.38,47.2,1
204.6,1,4,0.250,602.32,47.1,1
204.6,2,5,0.250,601.93,49.1,1
204.7,0,0,0.250,603.64,48.6,1
204.7,1,1,0.250,601.39,46.3,1
204.7,2,2,0.250,603.33,48.3,1
204.7,0,3,0.250,601.38,47.2,1
204.7,1,4,0.250,602.32,47.1,1
204.7,2,5,0.250,601.93,49.1,1
204.8,0,0,0.250,603.64,48.6,1
204.8,1,1,0.250,601.39,46.3,1
204.8,2,2,0.250,603.33,48.3,1
204.8,0,3,0.250,601.38,47.2,1
204.8,1,4,0.250,602.32,47.1,1
204.8,2,5,0.250,601.93,49.1,1
204.9,0,0,0.250,603.64,48.6,1
204.9,1,1,0.250,601.39,46.3,1
204.9,2,2,0.250,603.33,48.3,1
204.9,0,3,0.250,601.38,47.2,1
204.9,1,4,0.250,602.32,47.1,1
204.9,2,5,0.250,601.93,49.1,1
205.0,0,0,0.250,603.64,48.6,1
205.0,1,1,0.250,601.39,46.3,1
205.0,2,2,0.250,603.33,48.3,1
205.0,0,3,0.250,601.38,47.2,1
205.0,1,4,0.250,602.32,47.1,1
205.0,2,5,0.250,601.93,49.1,1
205.1,0,0,0.250,603.64,48.6,1
205.1,1,1,0.250,601.39,46.3,1
205.1,2,2,0.250,603.33,48.3,1
205.1,0,3,0.250,601.38,47.2,1
205.1,1,4,0.250,602.32,47.1,1
205.1,2,5,0.250,601.93,49.1,1
205.2,0,0,0.250,603.64,48.6,1
205.2,1,1,0.250,601.39,46.3,1
205.2,2,2,0.250,603.33,48.3,1
205.2,0,3,0.250,601.38,47.2,1
205.2,1,4,0.250,602.32,47.1,1
205.2,2,5,0.250,601.93,49.1,1
205.3,0,0,0.250,603.64,48.6,1
205.3,1,1,0.250,601.39,46.3,1
205.3,2,2,0.250,603.33,48.3,1
205.3,0,3,0.250,601.38,47.2,1
205.3,1,4,0.250,602.32,47.1,1
205.3,2,5,0.250,601.93,49.1,1
205.4,0,0,0.250,603.64,48.6,1
205.4,1,1,0.250,601.39,46.3,1
205.4,2,2,0.250,603.33,48.3,1
205.4,0,3,0.250,601.38,47.2,1
205.4,1,4,0.250,602.32,47.1,1
205.4,2,5,0.250,601.93,49.1,1
205.5,0,0,0.250,603.64,48.6,1
205.5,1,1,0.250,601.39,46.3,1
205.5,2,2,0.250,603.33,48.3,1
205.5,0,3,0.250,601.38,47.2,1
205.5,1,4,0.250,602.32,47.1,1
205.5,2,5,0.250,601.93,49.1,1
205.6,0,0,0.250,603.64,48.6,1
205.6,1,1,0.250,601.39,46.3,1
205.6,2,2,0.250,603.33,48.3,1
205.6,0,3,0.250,601.38,47.2,1
205.6,1,4,0.250,602.32,47.1,1
205.6,2,5,0.250,601.93,49.1,1
205.7,0,0,0.250,603.64,48.6,1
205.7,1,1,0.250,601.39,46.3,1
205.7,2,2,0.250,603.33,48.3,1
205.7,0,3,0.250,601.38,47.2,1
205.7,1,4,0.250,602.32,47.1,1
205.7,2,5,0.250,601.93,49.1,1
205.8,0,0,0.250,603.64,48.6,1
205.8,1,1,0.250,601.39,46.3,1
205.8,2,2,0.250,603.33,48.3,1
205.8,0,3,0.250,601.38,47.2,1
205.8,1,4,0.250,602.32,47.1,1
205.8,2,5,0.250,601.93,49.1,1
205.9,0,0,0.250,603.64,48.6,1
205.9,1,1,0.250,601.39,46.3,1
205.9,2,2,0.250,603.33,48.3,1
205.9,0,3,0.250,601.38,47.2,1
205.9,1,4,0.250,602.32,47.1,1
205.9,2,5,0.250,601.93,49.1,1
206.0,0,0,0.250,603.64,48.6,1
206.0,1,1,0.250,601.39,46.3,1
206.0,2,2,0.250,603.33,48.3,1
206.0,0,3,0.250,601.38,47.2,1
206.0,1,4,0.250,602.32,47.1,1
206.0,2,5,0.250,601.93,49.1,1
206.1,0,0,0.250,603.64,48.6,1
206.1,1,1,0.250,601.39,46.3,1
206.1,2,2,0.250,603.33,48.3,1
206.1,0,3,0.250,601.38,47.2,1
206.1,1,4,0.250,602.32,47.1,1
206.1,2,5,0.250,601.93,49.1,1
206.2,0,0,0.250,603.64,48.6,1
206.2,1,1,0.250,601.39,46.3,1
206.2,2,2,0.250,603.33,48.3,1
206.2,0,3,0.250,601.38,47.2,1
206.2,1,4,0.250,602.32,47.1,1
206.2,2,5,0.250,601.93,49.1,1
206.3,0,0,0.250,603.64,48.6,1
206.3,1,1,0.250,601.39,46.3,1
206.3,2,2,0.250,603.33,48.3,1
206.3,0,3,0.250,601.38,47.2,1
206.3,1,4,0.250,602.32,47.1,1
206.3,2,5,0.250,601.93,49.1,1
206.4,0,0,0.250,603.64,48.6,1
206.4,1,1,0.250,601.39,46.3,1
206.4,2,2,0.250,603.33,48.3,1
206.4,0,3,0.250,601.38,47.2,1
206.4,1,4,0.250,602.32,47.1,1
206.4,2,5,0.250,601.93,49.1,1
206.5,0,0,0.250,603.64,48.6,1
206.5,1,1,0.250,601.39,46.3,1
206.5,2,2,0.250,603.33,48.3,1
206.5,0,3,0.250,601.38,47.2,1
206.5,1,4,0.250,602.32,47.1,1
206.5,2,5,0.250,601.93,49.1,1
206.6,0,0,0.250,603.64,48.6,1
206.6,1,1,0.250,601.39,46.3,1
206.6,2,2,0.250,603.33,48.3,1
206.6,0,3,0.250,601.38,47.2,1
206.6,1,4,0.250,602.32,47.1,1
206.6,2,5,0.250,601.93,49.1,1
206.7,0,0,0.250,603.64,48.6,1
206.7,1,1,0.250,601.39,46.3,1
206.7,2,2,0.250,603.33,48.3,1
206.7,0,3,0.250,601.38,47.2,1
206.7,1,4,0.250,602.32,47.1,1
206.7,2,5,0.250,601.93,49.1,1
206.8,0,0,0.250,603.64,48.6,1
206.8,1,1,0.250,601.39,46.3,1
206.8,2,2,0.250,603.33,48.3,1
206.8,0,3,0.250,601.38,47.2,1
206.8,1,4,0.250,602.32,47.1,1
206.8,2,5,0.250,601.93,49.1,1
206.9,0,0,0.250,603.64,48.6,1
206.9,1,1,0.250,601.39,46.3,1
206.9,2,2,0.250,603.33,48.3,1
206.9,0,3,0.250,601.38,47.2,1
206.9,1,4,0.250,602.32,47.1,1
206.9,2,5,0.250,601.93,49.1,1
207.0,0,0,0.250,603.64,48.6,1
207.0,1,1,0.250,601.39,46.3,1
207.0,2,2,0.250,603.33,48.3,1
207.0,0,3,0.250,601.38,47.2,1
207.0,1,4,0.250,602.32,47.1,1
207.0,2,5,0.250,601.93,49.1,1
207.1,0,0,0.250,603.64,48.6,1
207.1,1,1,0.250,601.39,46.3,1
207.1,2,2,0.250,603.33,48.3,1
207.1,0,3,0.250,601.38,47.2,1
207.1,1,4,0.250,602.32,47.1,1
207.1,2,5,0.250,601.93,49.1,1
207.2,0,0,0.250,603.64,48.6,1
207.2,1,1,0.250,601.39,46.3,1
207.2,2,2,0.250,603.33,48.3,1
207.2,0,3,0.250,601.38,47.2,1
207.2,1,4,0.250,602.32,47.1,1
207.2,2,5,0.250,601.93,49.1,1
207.3,0,0,0.250,603.64,48.6,1
207.3,1,1,0.250,601.39,46.3,1
207.3,2,2,0.250,603.33,48.3,1
207.3,0,3,0.250,601.38,47.2,1
207.3,1,4,0.250,602.32,47.1,1
207.3,2,5,0.250,601.93,49.1,1
207.4,0,0,0.250,603.64,48.6,1
207.4,1,1,0.250,601.39,46.3,1
207.4,2,2,0.250,603.33,48.3,1
207.4,0,3,0.250,601.38,47.2,1
207.4,1,4,0.250,602.32,47.1,1
207.4,2,5,0.250,601.93,49.1,1
207.5,0,0,0.250,603.64,48.6,1
207.5,1,1,0.250,601.39,46.3,1
207.5,2,2,0.250,603.33,48.3,1
207.5,0,3,0.250,601.38,47.2,1
207.5,1,4,0.250,602.32,47.1,1
207.5,2,5,0.250,601.93,49.1,1
207.6,0,0,0.250,603.64,48.6,1
207.6,1,1,0.250,601.39,46.3,1
207.6,2,2,0.250,603.33,48.3,1
207.6,0,3,0.250,601.38,47.2,1
207.6,1,4,0.250,602.32,47.1,1
207.6,2,5,0.250,601.93,49.1,1
207.7,0,0,0.250,603.64,48.6,1
207.7,1,1,0.250,601.39,46.3,1
207.7,2,2,0.250,603.33,48.3,1
207.7,0,3,0.250,601.38,47.2,1
207.7,1,4,0.250,602.32,47.1,1
207.7,2,5,0.250,601.93,49.1,1
207.8,0,0,0.250,603.64,48.6,1
207.8,1,1,0.250,601.39,46.3,1
207.8,2,2,0.250,603.33,48.3,1
207.8,0,3,0.250,601.38,47.2,1
207.8,1,4,0.250,602.32,47.1,1
207.8,2,5,0.250,601.93,49.1,1
207.9,0,0,0.250,603.64,48.6,1
207.9,1,1,0.250,601.39,46.3,1
207.9,2,2,0.250,603.33,48.3,1
207.9,0,3,0.250,601.38,47.2,1
207.9,1,4,0.250,602.32,47.1,1
207.9,2,5,0.250,601.93,49.1,1
208.0,0,0,0.250,603.64,48.6,1
208.0,1,1,0.250,601.39,46.3,1
208.0,2,2,0.250,603.33,48.3,1
208.0,0,3,0.250,601.38,47.2,1
208.0,1,4,0.250,602.32,47.1,1
208.0,2,5,0.250,601.93,49.1,1
208.1,0,0,0.250,603.64,48.6,1
208.1,1,1,0.250,601.39,46.3,1
208.1,2,2,0.250,603.33,48.3,1
208.1,0,3,0.250,601.38,47.2,1
208.1,1,4,0.250,602.32,47.1,1
208.1,2,5,0.250,601.93,49.1,1
208.2,0,0,0.250,603.64,48.6,1
208.2,1,1,0.250,601.39,46.3,1
208.2,2,2,0.250,603.33,48.3,1
208.2,0,3,0.250,601.38,47.2,1
208.2,1,4,0.250,602.32,47.1,1
208.2,2,5,0.250,601.93,49.1,1
208.3,0,0,0.250,603.64,48.6,1
208.3,1,1,0.250,601.39,46.3,1
208.3,2,2,0.250,603.33,48.3,1
208.3,0,3,0.250,601.38,47.2,1
208.3,1,4,0.250,602.32,47.1,1
208.3,2,5,0.250,601.93,49.1,1
208.4,0,0,0.250,603.64,48.6,1
208.4,1,1,0.250,601.39,46.3,1
208.4,2,2,0.250,603.33,48.3,1
208.4,0,3,0.250,601.38,47.2,1
208.4,1,4,0.250,602.32,47.1,1
208.4,2,5,0.250,601.93,49.1,1
208.5,0,0,0.250,603.64,48.6,1
208.5,1,1,0.250,601.39,46.3,1
208.5,2,2,0.250,603.33,48.3,1
208.5,0,3,0.250,601.38,47.2,1
208.5,1,4,0.250,602.32,47.1,1
208.5,2,5,0.250,601.93,49.1,1
208.6,0,0,0.250,603.64,48.6,1
208.6,1,1,0.250,601.39,46.3,1
208.6,2,2,0.250,603.33,48.3,1
208.6,0,3,0.250,601.38,47.2,1
208.6,1,4,0.250,602.32,47.1,1
208.6,2,5,0.250,601.93,49.1,1
208.7,0,0,0.250,603.64,48.6,1
208.7,1,1,0.250,601.39,46.3,1
208.7,2,2,0.250,603.33,48.3,1
208.7,0,3,0.250,601.38,47.2,1
208.7,1,4,0.250,602.32,47.1,1
208.7,2,5,0.250,601.93,49.1,1
208.8,0,0,0.250,603.64,48.6,1
208.8,1,1,0.250,601.39,46.3,1
208.8,2,2,0.250,603.33,48.3,1
208.8,0,3,0.250,601.38,47.2,1
208.8,1,4,0.250,602.32,47.1,1
208.8,2,5,0.250,601.93,49.1,1
208.9,0,0,0.250,603.64,48.6,1
208.9,1,1,0.250,601.39,46.3,1
208.9,2,2,0.250,603.33,48.3,1
208.9,0,3,0.250,601.38,47.2,1
208.9,1,4,0.250,602.32,47.1,1
208.9,2,5,0.250,601.93,49.1,1
209.0,0,0,0.250,603.64,48.6,1
209.0,1,1,0.250,601.39,46.3,1
209.0,2,2,0.250,603.33,48.3,1
209.0,0,3,0.250,601.38,47.2,1
209.0,1,4,0.250,602.32,47.1,1
209.0,2,5,0.250,601.93,49.1,1
209.1,0,0,0.250,603.64,48.6,1
209.1,1,1,0.250,601.39,46.3,1
209.1,2,2,0.250,603.33,48.3,1
209.1,0,3,0.250,601.38,47.2,1
209.1,1,4,0.250,602.32,47.1,1
209.1,2,5,0.250,601.93,49.1,1
209.2,0,0,0.250,603.64,48.6,1
209.2,1,1,0.250,601.39,46.3,1
209.2,2,2,0.250,603.33,48.3,1
209.2,0,3,0.250,601.38,47.2,1
209.2,1,4,0.250,602.32,47.1,1
209.2,2,5,0.250,601.93,49.1,1
209.3,0,0,0.250,603.64,48.6,1
209.3,1,1,0.250,601.39,46.3,1
209.3,2,2,0.250,603.33,48.3,1
209.3,0,3,0.250,601.38,47.2,1
209.3,1,4,0.250,602.32,47.1,1
209.3,2,5,0.250,601.93,49.1,1
209.4,0,0,0.250,603.64,48.6,1
209.4,1,1,0.250,601.39,46.3,1
209.4,2,2,0.250,603.33,48.3,1
209.4,0,3,0.250,601.38,47.2,1
209.4,1,4,0.250,602.32,47.1,1
209.4,2,5,0.250,601.93,49.1,1
209.5,0,0,0.250,603.64,48.6,1
209.5,1,1,0.250,601.39,46.3,1
209.5,2,2,0.250,603.33,48.3,1
209.5,0,3,0.250,601.38,47.2,1
209.5,1,4,0.250,602.32,47.1,1
209.5,2,5,0.250,601.93,49.1,1
209.6,0,0,0.250,603.64,48.6,1
209.6,1,1,0.250,601.39,46.3,1
209.6,2,2,0.250,603.33,48.3,1
209.6,0,3,0.250,601.38,47.2,1
209.6,1,4,0.250,602.32,47.1,1
209.6,2,5,0.250,601.93,49.1,1
209.7,0,0,0.250,603.64,48.6,1
209.7,1,1,0.250,601.39,46.3,1
209.7,2,2,0.250,603.33,48.3,1
209.7,0,3,0.250,601.38,47.2,1
209.7,1,4,0.250,602.32,47.1,1
209.7,2,5,0.250,601.93,49.1,1
209.8,0,0,0.250,603.64,48.6,1
209.8,1,1,0.250,601.39,46.3,1
209.8,2,2,0.250,603.33,48.3,1
209.8,0,3,0.250,601.38,47.2,1
209.8,1,4,0.250,602.32,47.1,1
209.8,2,5,0.250,601.93,49.1,1
209.9,0,0,0.250,603.64,48.6,1
209.9,1,1,0.250,601.39,46.3,1
209.9,2,2,0.250,603.33,48.3,1
209.9,0,3,0.250,601.38,47.2,1
209.9,1,4,0.250,602.32,47.1,1
209.9,2,5,0.250,601.93,49.1,1
210.0,0,0,0.250,603.64,48.6,1
210.0,1,1,0.250,601.39,46.3,1
210.0,2,2,0.250,603.33,48.3,1
210.0,0,3,0.250,601.38,47.2,1
210.0,1,4,0.250,602.32,47.1,1
210.0,2,5,0.250,601.93,49.1,1
210.1,0,0,0.250,603.64,48.6,1
210.1,1,1,0.250,601.39,46.3,1
210.1,2,2,0.250,603.33,48.3,1
210.1,0,3,0.250,601.38,47.2,1
210.1,1,4,0.250,602.32,47.1,1
210.1,2,5,0.250,601.93,49.1,1
210.2,0,0,0.250,603.64,48.6,1
210.2,1,1,0.250,601.39,46.3,1
210.2,2,2,0.250,603.33,48.3,1
210.2,0,3,0.250,601.38,47.2,1
210.2,1,4,0.250,602.32,47.1,1
210.2,2,5,0.250,601.93,49.1,1
210.3,0,0,0.250,603.64,48.6,1
210.3,1,1,0.250,601.39,46.3,1
210.3,2,2,0.250,603.33,48.3,1
210.3,0,3,0.250,601.38,47.2,1
210.3,1,4,0.250,602.32,47.1,1
210.3,2,5,0.250,601.93,49.1,1
210.4,0,0,0.250,603.64,48.6,1
210.4,1,1,0.250,601.39,46.3,1
210.4,2,2,0.250,603.33,48.3,1
210.4,0,3,0.250,601.38,47.2,1
210.4,1,4,0.250,602.32,47.1,1
210.4,2,5,0.250,601.93,49.1,1
210.5,0,0,0.250,603.64,48.6,1
210.5,1,1,0.250,601.39,46.3,1
210.5,2,2,0.250,603.33,48.3,1
210.5,0,3,0.250,601.38,47.2,1
210.5,1,4,0.250,602.32,47.1,1
210.5,2,5,0.250,601.93,49.1,1
210.6,0,0,0.250,603.64,48.6,1
210.6,1,1,0.250,601.39,46.3,1
210.6,2,2,0.250,603.33,48.3,1
210.6,0,3,0.250,601.38,47.2,1
210.6,1,4,0.250,602.32,47.1,1
210.6,2,5,0.250,601.93,49.1,1
210.7,0,0,0.250,603.64,48.6,1
210.7,1,1,0.250,601.39,46.3,1
210.7,2,2,0.250,603.33,48.3,1
210.7,0,3,0.250,601.38,47.2,1
210.7,1,4,0.250,602.32,47.1,1
210.7,2,5,0.250,601.93,49.1,1
210.8,0,0,0.250,603.64,48.6,1
210.8,1,1,0.250,601.39,46.3,1
210.8,2,2,0.250,603.33,48.3,1
210.8,0,3,0.250,601.38,47.2,1
210.8,1,4,0.250,602.32,47.1,1
210.8,2,5,0.250,601.93,49.1,1
210.9,0,0,0.250,603.64,48.6,1
210.9,1,1,0.250,601.39,46.3,1
210.9,2,2,0.250,603.33,48.3,1
210.9,0,3,0.250,601.38,47.2,1
210.9,1,4,0.250,602.32,47.1,1
210.9,2,5,0.250,601.93,49.1,1
211.0,0,0,0.250,603.64,48.6,1
211.0,1,1,0.250,601.39,46.3,1
211.0,2,2,0.250,603.33,48.3,1
211.0,0,3,0.250,601.38,47.2,1
211.0,1,4,0.250,602.32,47.1,1
211.0,2,5,0.250,601.93,49.1,1
211.1,0,0,0.250,603.64,48.6,1
211.1,1,1,0.250,601.39,46.3,1
211.1,2,2,0.250,603.33,48.3,1
211.1,0,3,0.250,601.38,47.2,1
211.1,1,4,0.250,602.32,47.1,1
211.1,2,5,0.250,601.93,49.1,1
211.2,0,0,0.250,603.64,48.6,1
211.2,1,1,0.250,601.39,46.3,1
211.2,2,2,0.250,603.33,48.3,1
211.2,0,3,0.250,601.38,47.2,1
211.2,1,4,0.250,602.32,47.1,1
211.2,2,5,0.250,601.93,49.1,1
211.3,0,0,0.250,603.64,48.6,1
211.3,1,1,0.250,601.39,46.3,1
211.3,2,2,0.250,603.33,48.3,1
211.3,0,3,0.250,601.38,47.2,1
211.3,1,4,0.250,602.32,47.1,1
211.3,2,5,0.250,601.93,49.1,1
211.4,0,0,0.250,603.64,48.6,1
211.4,1,1,0.250,601.39,46.3,1
211.4,2,2,0.250,603.33,48.3,1
211.4,0,3,0.250,601.38,47.2,1
211.4,1,4,0.250,602.32,47.1,1
211.4,2,5,0.250,601.93,49.1,1
211.5,0,0,0.250,603.64,48.6,1
211.5,1,1,0.250,601.39,46.3,1
211.5,2,2,0.250,603.33,48.3,1
211.5,0,3,0.250,601.38,47.2,1
211.5,1,4,0.250,602.32,47.1,1
211.5,2,5,0.250,601.93,49.1,1
211.6,0,0,0.250,603.64,48.6,1
211.6,1,1,0.250,601.39,46.3,1
211.6,2,2,0.250,603.33,48.3,1
211.6,0,3,0.250,601.38,47.2,1
211.6,1,4,0.250,602.32,47.1,1
211.6,2,5,0.250,601.93,49.1,1
211.7,0,0,0.250,603.64,48.6,1
211.7,1,1,0.250,601.39,46.3,1
211.7,2,2,0.250,603.33,48.3,1
211.7,0,3,0.250,601.38,47.2,1
211.7,1,4,0.250,602.32,47.1,1
211.7,2,5,0.250,601.93,49.1,1
211.8,0,0,0.250,603.64,48.6,1
211.8,1,1,0.250,601.39,46.3,1
211.8,2,2,0.250,603.33,48.3,1
211.8,0,3,0.250,601.38,47.2,1
211.8,1,4,0.250,602.32,47.1,1
211.8,2,5,0.250,601.93,49.1,1
211.9,0,0,0.250,603.64,48.6,1
211.9,1,1,0.250,601.39,46.3,1
211.9,2,2,0.250,603.33,48.3,1
211.9,0,3,0.250,601.38,47.2,1
211.9,1,4,0.250,602.32,47.1,1
211.9,2,5,0.250,601.93,49.1,1
212.0,0,0,0.250,603.64,48.6,1
212.0,1,1,0.250,601.39,46.3,1
212.0,2,2,0.250,603.33,48.3,1
212.0,0,3,0.250,601.38,47.2,1
212.0,1,4,0.250,602.32,47.1,1
212.0,2,5,0.250,601.93,49.1,1
212.1,0,0,0.250,603.64,48.6,1
212.1,1,1,0.250,601.39,46.3,1
212.1,2,2,0.250,603.33,48.3,1
212.1,0,3,0.250,601.38,47.2,1
212.1,1,4,0.250,602.32,47.1,1
212.1,2,5,0.250,601.93,49.1,1
212.2,0,0,0.250,603.64,48.6,1
212.2,1,1,0.250,601.39,46.3,1
212.2,2,2,0.250,603.33,48.3,1
212.2,0,3,0.250,601.38,47.2,1
212.2,1,4,0.250,602.32,47.1,1
212.2,2,5,0.250,601.93,49.1,1
212.3,0,0,0.250,603.64,48.6,1
212.3,1,1,0.250,601.39,46.3,1
212.3,2,2,0.250,603.33,48.3,1
212.3,0,3,0.250,601.38,47.2,1
212.3,1,4,0.250,602.32,47.1,1
212.3,2,5,0.250,601.93,49.1,1
212.4,0,0,0.250,603.64,48.6,1
212.4,1,1,0.250,601.39,46.3,1
212.4,2,2,0.250,603.33,48.3,1
212.4,0,3,0.250,601.38,47.2,1
212.4,1,4,0.250,602.32,47.1,1
212.4,2,5,0.250,601.93,49.1,1
212.5,0,0,0.250,603.64,48.6,1
212.5,1,1,0.250,601.39,46.3,1
212.5,2,2,0.250,603.33,48.3,1
212.5,0,3,0.250,601.38,47.2,1
212.5,1,4,0.250,602.32,47.1,1
212.5,2,5,0.250,601.93,49.1,1
212.6,0,0,0.250,603.64,48.6,1
212.6,1,1,0.250,601.39,46.3,1
212.6,2,2,0.250,603.33,48.3,1
212.6,0,3,0.250,601.38,47.2,1
212.6,1,4,0.250,602.32,47.1,1
212.6,2,5,0.250,601.93,49.1,1
212.7,0,0,0.250,603.64,48.6,1
212.7,1,1,0.250,601.39,46.3,1
212.7,2,2,0.250,603.33,48.3,1
212.7,0,3,0.250,601.38,47.2,1
212.7,1,4,0.250,602.32,47.1,1
212.7,2,5,0.250,601.93,49.1,1
212.8,0,0,0.250,603.64,48.6,1
212.8,1,1,0.250,601.39,46.3,1
212.8,2,2,0.250,603.33,48.3,1
212.8,0,3,0.250,601.38,47.2,1
212.8,1,4,0.250,602.32,47.1,1
212.8,2,5,0.250,601.93,49.1,1
212.9,0,0,0.250,603.64,48.6,1
212.9,1,1,0.250,601.39,46.3,1
212.9,2,2,0.250,603.33,48.3,1
212.9,0,3,0.250,601.38,47.2,1
212.9,1,4,0.250,602.32,47.1,1
212.9,2,5,0.250,601.93,49.1,1
213.0,0,0,0.250,603.64,48.6,1
213.0,1,1,0.250,601.39,46.3,1
213.0,2,2,0.250,603.33,48.3,1
213.0,0,3,0.250,601.38,47.2,1
213.0,1,4,0.250,602.32,47.1,1
213.0,2,5,0.250,601.93,49.1,1
213.1,0,0,0.250,603.64,48.6,1
213.1,1,1,0.250,601.39,46.3,1
213.1,2,2,0.250,603.33,48.3,1
213.1,0,3,0.250,601.38,47.2,1
213.1,1,4,0.250,602.32,47.1,1
213.1,2,5,0.250,601.93,49.1,1
213.2,0,0,0.250,603.64,48.6,1
213.2,1,1,0.250,601.39,46.3,1
213.2,2,2,0.250,603.33,48.3,1
213.2,0,3,0.250,601.38,47.2,1
213.2,1,4,0.250,602.32,47.1,1
213.2,2,5,0.250,601.93,49.1,1
213.3,0,0,0.250,603.64,48.6,1
213.3,1,1,0.250,601.39,46.3,1
213.3,2,2,0.250,603.33,48.3,1
213.3,0,3,0.250,601.38,47.2,1
213.3,1,4,0.250,602.32,47.1,1
213.3,2,5,0.250,601.93,49.1,1
213.4,0,0,0.250,603.64,48.6,1
213.4,1,1,0.250,601.39,46.3,1
213.4,2,2,0.250,603.33,48.3,1
213.4,0,3,0.250,601.38,47.2,1
213.4,1,4,0.250,602.32,47.1,1
213.4,2,5,0.250,601.93,49.1,1
213.5,0,0,0.250,603.64,48.6,1
213.5,1,1,0.250,601.39,46.3,1
213.5,2,2,0.250,603.33,48.3,1
213.5,0,3,0.250,601.38,47.2,1
213.5,1,4,0.250,602.32,47.1,1
213.5,2,5,0.250,601.93,49.1,1
213.6,0,0,0.250,603.64,48.6,1
213.6,1,1,0.250,601.39,46.3,1
213.6,2,2,0.250,603.33,48.3,1
213.6,0,3,0.250,601.38,47.2,1
213.6,1,4,0.250,602.32,47.1,1
213.6,2,5,0.250,601.93,49.1,1
213.7,0,0,0.250,603.64,48.6,1
213.7,1,1,0.250,601.39,46.3,1
213.7,2,2,0.250,603.33,48.3,1
213.7,0,3,0.250,601.38,47.2,1
213.7,1,4,0.250,602.32,47.1,1
213.7,2,5,0.250,601.93,49.1,1
213.8,0,0,0.250,603.64,48.6,1
213.8,1,1,0.250,601.39,46.3,1
213.8,2,2,0.250,603.33,48.3,1
213.8,0,3,0.250,601.38,47.2,1
213.8,1,4,0.250,602.32,47.1,1
213.8,2,5,0.250,601.93,49.1,1
213.9,0,0,0.250,603.64,48.6,1
213.9,1,1,0.250,601.39,46.3,1
213.9,2,2,0.250,603.33,48.3,1
213.9,0,3,0.250,601.38,47.2,1
213.9,1,4,0.250,602.32,47.1,1
213.9,2,5,0.250,601.93,49.1,1
214.0,0,0,0.250,603.64,48.6,1
214.0,1,1,0.250,601.39,46.3,1
214.0,2,2,0.250,603.33,48.3,1
214.0,0,3,0.250,601.38,47.2,1
214.0,1,4,0.250,602.32,47.1,1
214.0,2,5,0.250,601.93,49.1,1
214.1,0,0,0.250,603.64,48.6,1
214.1,1,1,0.250,601.39,46.3,1
214.1,2,2,0.250,603.33,48.3,1
214.1,0,3,0.250,601.38,47.2,1
214.1,1,4,0.250,602.32,47.1,1
214.1,2,5,0.250,601.93,49.1,1
214.2,0,0,0.250,603.64,48.6,1
214.2,1,1,0.250,601.39,46.3,1
214.2,2,2,0.250,603.33,48.3,1
214.2,0,3,0.250,601.38,47.2,1
214.2,1,4,0.250,602.32,47.1,1
214.2,2,5,0.250,601.93,49.1,1
214.3,0,0,0.250,603.64,48.6,1
214.3,1,1,0.250,601.39,46.3,1
214.3,2,2,0.250,603.33,48.3,1
214.3,0,3,0.250,601.38,47.2,1
214.3,1,4,0.250,602.32,47.1,1
214.3,2,5,0.250,601.93,49.1,1
214.4,0,0,0.250,603.64,48.6,1
214.4,1,1,0.250,601.39,46.3,1
214.4,2,2,0.250,603.33,48.3,1
214.4,0,3,0.250,601.38,47.2,1
214.4,1,4,0.250,602.32,47.1,1
214.4,2,5,0.250,601.93,49.1,1
214.5,0,0,0.250,603.64,48.6,1
214.5,1,1,0.250,601.39,46.3,1
214.5,2,2,0.250,603.33,48.3,1
214.5,0,3,0.250,601.38,47.2,1
214.5,1,4,0.250,602.32,47.1,1
214.5,2,5,0.250,601.93,49.1,1
214.6,0,0,0.250,603.64,48.6,1
214.6,1,1,0.250,601.39,46.3,1
214.6,2,2,0.250,603.33,48.3,1
214.6,0,3,0.250,601.38,47.2,1
214.6,1,4,0.250,602.32,47.1,1
214.6,2,5,0.250,601.93,49.1,1
214.7,0,0,0.250,603.64,48.6,1
214.7,1,1,0.250,601.39,46.3,1
214.7,2,2,0.250,603.33,48.3,1
214.7,0,3,0.250,601.38,47.2,1
214.7,1,4,0.250,602.32,47.1,1
214.7,2,5,0.250,601.93,49.1,1
214.8,0,0,0.250,603.64,48.6,1
214.8,1,1,0.250,601.39,46.3,1
214.8,2,2,0.250,603.33,48.3,1
214.8,0,3,0.250,601.38,47.2,1
214.8,1,4,0.250,602.32,47.1,1
214.8,2,5,0.250,601.93,49.1,1
214.9,0,0,0.250,603.64,48.6,1
214.9,1,1,0.250,601.39,46.3,1
214.9,2,2,0.250,603.33,48.3,1
214.9,0,3,0.250,601.38,47.2,1
214.9,1,4,0.250,602.32,47.1,1
214.9,2,5,0.250,601.93,49.1,1
215.0,0,0,0.250,603.64,48.6,1
215.0,1,1,0.250,601.39,46.3,1
215.0,2,2,0.250,603.33,48.3,1
215.0,0,3,0.250,601.38,47.2,1
215.0,1,4,0.250,602.32,47.1,1
215.0,2,5,0.250,601.93,49.1,1
215.1,0,0,0.250,603.64,48.6,1
215.1,1,1,0.250,601.39,46.3,1
215.1,2,2,0.250,603.33,48.3,1
215.1,0,3,0.250,601.38,47.2,1
215.1,1,4,0.250,602.32,47.1,1
215.1,2,5,0.250,601.93,49.1,1
215.2,0,0,0.250,603.64,48.6,1
215.2,1,1,0.250,601.39,46.3,1
215.2,2,2,0.250,603.33,48.3,1
215.2,0,3,0.250,601.38,47.2,1
215.2,1,4,0.250,602.32,47.1,1
215.2,2,5,0.250,601.93,49.1,1
215.3,0,0,0.250,603.64,48.6,1
215.3,1,1,0.250,601.39,46.3,1
215.3,2,2,0.250,603.33,48.3,1
215.3,0,3,0.250,601.38,47.2,1
215.3,1,4,0.250,602.32,47.1,1
215.3,2,5,0.250,601.93,49.1,1
215.4,0,0,0.250,603.64,48.6,1
215.4,1,1,0.250,601.39,46.3,1
215.4,2,2,0.250,603.33,48.3,1
215.4,0,3,0.250,601.38,47.2,1
215.4,1,4,0.250,602.32,47.1,1
215.4,2,5,0.250,601.93,49.1,1
215.5,0,0,0.250,603.64,48.6,1
215.5,1,1,0.250,601.39,46.3,1
215.5,2,2,0.250,603.33,48.3,1
215.5,0,3,0.250,601.38,47.2,1
215.5,1,4,0.250,602.32,47.1,1
215.5,2,5,0.250,601.93,49.1,1
215.6,0,0,0.250,603.64,48.6,1
215.6,1,1,0.250,601.39,46.3,1
215.6,2,2,0.250,603.33,48.3,1
215.6,0,3,0.250,601.38,47.2,1
215.6,1,4,0.250,602.32,47.1,1
215.6,2,5,0.250,601.93,49.1,1
215.7,0,0,0.250,603.64,48.6,1
215.7,1,1,0.250,601.39,46.3,1
215.7,2,2,0.250,603.33,48.3,1
215.7,0,3,0.250,601.38,47.2,1
215.7,1,4,0.250,602.32,47.1,1
215.7,2,5,0.250,601.93,49.1,1
215.8,0,0,0.250,603.64,48.6,1
215.8,1,1,0.250,601.39,46.3,1
215.8,2,2,0.250,603.33,48.3,1
215.8,0,3,0.250,601.38,47.2,1
215.8,1,4,0.250,602.32,47.1,1
215.8,2,5,0.250,601.93,49.1,1
215.9,0,0,0.250,603.64,48.6,1
215.9,1,1,0.250,601.39,46.3,1
215.9,2,2,0.250,603.33,48.3,1
215.9,0,3,0.250,601.38,47.2,1
215.9,1,4,0.250,602.32,47.1,1
215.9,2,5,0.250,601.93,49.1,1
216.0,0,0,0.250,603.64,48.6,1
216.0,1,1,0.250,601.39,46.3,1
216.0,2,2,0.250,603.33,48.3,1
216.0,0,3,0.250,601.38,47.2,1
216.0,1,4,0.250,602.32,47.1,1
216.0,2,5,0.250,601.93,49.1,1
216.1,0,0,0.250,603.64,48.6,1
216.1,1,1,0.250,601.39,46.3,1
216.1,2,2,0.250,603.33,48.3,1
216.1,0,3,0.250,601.38,47.2,1
216.1,1,4,0.250,602.32,47.1,1
216.1,2,5,0.250,601.93,49.1,1
216.2,0,0,0.250,603.64,48.6,1
216.2,1,1,0.250,601.39,46.3,1
216.2,2,2,0.250,603.33,48.3,1
216.2,0,3,0.250,601.38,47.2,1
216.2,1,4,0.250,602.32,47.1,1
216.2,2,5,0.250,601.93,49.1,1
216.3,0,0,0.250,603.64,48.6,1
216.3,1,1,0.250,601.39,46.3,1
216.3,2,2,0.250,603.33,48.3,1
216.3,0,3,0.250,601.38,47.2,1
216.3,1,4,0.250,602.32,47.1,1
216.3,2,5,0.250,601.93,49.1,1
216.4,0,0,0.250,603.64,48.6,1
216.4,1,1,0.250,601.39,46.3,1
216.4,2,2,0.250,603.33,48.3,1
216.4,0,3,0.250,601.38,47.2,1
216.4,1,4,0.250,602.32,47.1,1
216.4,2,5,0.250,601.93,49.1,1
216.5,0,0,0.250,603.64,48.6,1
216.5,1,1,0.250,601.39,46.3,1
216.5,2,2,0.250,603.33,48.3,1
216.5,0,3,0.250,601.38,47.2,1
216.5,1,4,0.250,602.32,47.1,1
216.5,2,5,0.250,601.93,49.1,1
216.6,0,0,0.250,603.64,48.6,1
216.6,1,1,0.250,601.39,46.3,1
216.6,2,2,0.250,603.33,48.3,1
216.6,0,3,0.250,601.38,47.2,1
216.6,1,4,0.250,602.32,47.1,1
216.6,2,5,0.250,601.93,49.1,1
216.7,0,0,0.250,603.64,48.6,1
216.7,1,1,0.250,601.39,46.3,1
216.7,2,2,0.250,603.33,48.3,1
216.7,0,3,0.250,601.38,47.2,1
216.7,1,4,0.250,602.32,47.1,1
216.7,2,5,0.250,601.93,49.1,1
216.8,0,0,0.250,603.64,48.6,1
216.8,1,1,0.250,601.39,46.3,1
216.8,2,2,0.250,603.33,48.3,1
216.8,0,3,0.250,601.38,47.2,1
216.8,1,4,0.250,602.32,47.1,1
216.8,2,5,0.250,601.93,49.1,1
216.9,0,0,0.250,603.64,48.6,1
216.9,1,1,0.250,601.39,46.3,1
216.9,2,2,0.250,603.33,48.3,1
216.9,0,3,0.250,601.38,47.2,1
216.9,1,4,0.250,602.32,47.1,1
216.9,2,5,0.250,601.93,49.1,1
217.0,0,0,0.250,603.64,48.6,1
217.0,1,1,0.250,601.39,46.3,1
217.0,2,2,0.250,603.33,48.3,1
217.0,0,3,0.250,601.38,47.2,1
217.0,1,4,0.250,602.32,47.1,1
217.0,2,5,0.250,601.93,49.1,1
217.1,0,0,0.250,603.64,48.6,1
217.1,1,1,0.250,601.39,46.3,1
217.1,2,2,0.250,603.33,48.3,1
217.1,0,3,0.250,601.38,47.2,1
217.1,1,4,0.250,602.32,47.1,1
217.1,2,5,0.250,601.93,49.1,1
217.2,0,0,0.250,603.64,48.6,1
217.2,1,1,0.250,601.39,46.3,1
217.2,2,2,0.250,603.33,48.3,1
217.2,0,3,0.250,601.38,47.2,1
217.2,1,4,0.250,602.32,47.1,1
217.2,2,5,0.250,601.93,49.1,1
217.3,0,0,0.250,603.64,48.6,1
217.3,1,1,0.250,601.39,46.3,1
217.3,2,2,0.250,603.33,48.3,1
217.3,0,3,0.250,601.38,47.2,1
217.3,1,4,0.250,602.32,47.1,1
217.3,2,5,0.250,601.93,49.1,1
217.4,0,0,0.250,603.64,48.6,1
217.4,1,1,0.250,601.39,46.3,1
217.4,2,2,0.250,603.33,48.3,1
217.4,0,3,0.250,601.38,47.2,1
217.4,1,4,0.250,602.32,47.1,1
217.4,2,5,0.250,601.93,49.1,1
217.5,0,0,0.250,603.64,48.6,1
217.5,1,1,0.250,601.39,46.3,1
217.5,2,2,0.250,603.33,48.3,1
217.5,0,3,0.250,601.38,47.2,1
217.5,1,4,0.250,602.32,47.1,1
217.5,2,5,0.250,601.93,49.1,1
217.6,0,0,0.250,603.64,48.6,1
217.6,1,1,0.250,601.39,46.3,1
217.6,2,2,0.250,603.33,48.3,1
217.6,0,3,0.250,601.38,47.2,1
217.6,1,4,0.250,602.32,47.1,1
217.6,2,5,0.250,601.93,49.1,1
217.7,0,0,0.250,603.64,48.6,1
217.7,1,1,0.250,601.39,46.3,1
217.7,2,2,0.250,603.33,48.3,1
217.7,0,3,0.250,601.38,47.2,1
217.7,1,4,0.250,602.32,47.1,1
217.7,2,5,0.250,601.93,49.1,1
217.8,0,0,0.250,603.64,48.6,1
217.8,1,1,0.250,601.39,46.3,1
217.8,2,2,0.250,603.33,48.3,1
217.8,0,3,0.250,601.38,47.2,1
217.8,1,4,0.250,602.32,47.1,1
217.8,2,5,0.250,601.93,49.1,1
217.9,0,0,0.250,603.64,48.6,1
217.9,1,1,0.250,601.39,46.3,1
217.9,2,2,0.250,603.33,48.3,1
217.9,0,3,0.250,601.38,47.2,1
217.9,1,4,0.250,602.32,47.1,1
217.9,2,5,0.250,601.93,49.1,1
218.0,0,0,0.250,603.64,48.6,1
218.0,1,1,0.250,601.39,46.3,1
218.0,2,2,0.250,603.33,48.3,1
218.0,0,3,0.250,601.38,47.2,1
218.0,1,4,0.250,602.32,47.1,1
218.0,2,5,0.250,601.93,49.1,1
218.1,0,0,0.250,603.64,48.6,1
218.1,1,1,0.250,601.39,46.3,1
218.1,2,2,0.250,603.33,48.3,1
218.1,0,3,0.250,601.38,47.2,1
218.1,1,4,0.250,602.32,47.1,1
218.1,2,5,0.250,601.93,49.1,1
218.2,0,0,0.250,603.64,48.6,1
218.2,1,1,0.250,601.39,46.3,1
218.2,2,2,0.250,603.33,48.3,1
218.2,0,3,0.250,601.38,47.2,1
218.2,1,4,0.250,602.32,47.1,1
218.2,2,5,0.250,601.93,49.1,1
218.3,0,0,0.250,603.64,48.6,1
218.3,1,1,0.250,601.39,46.3,1
218.3,2,2,0.250,603.33,48.3,1
218.3,0,3,0.250,601.38,47.2,1
218.3,1,4,0.250,602.32,47.1,1
218.3,2,5,0.250,601.93,49.1,1
218.4,0,0,0.250,603.64,48.6,1
218.4,1,1,0.250,601.39,46.3,1
218.4,2,2,0.250,603.33,48.3,1
218.4,0,3,0.250,601.38,47.2,1
218.4,1,4,0.250,602.32,47.1,1
218.4,2,5,0.250,601.93,49.1,1
218.5,0,0,0.250,603.64,48.6,1
218.5,1,1,0.250,601.39,46.3,1
218.5,2,2,0.250,603.33,48.3,1
218.5,0,3,0.250,601.38,47.2,1
218.5,1,4,0.250,602.32,47.1,1
218.5,2,5,0.250,601.93,49.1,1
218.6,0,0,0.250,603.64,48.6,1
218.6,1,1,0.250,601.39,46.3,1
218.6,2,2,0.250,603.33,48.3,1
218.6,0,3,0.250,601.38,47.2,1
218.6,1,4,0.250,602.32,47.1,1
218.6,2,5,0.250,601.93,49.1,1
218.7,0,0,0.250,603.64,48.6,1
218.7,1,1,0.250,601.39,46.3,1
218.7,2,2,0.250,603.33,48.3,1
218.7,0,3,0.250,601.38,47.2,1
218.7,1,4,0.250,602.32,47.1,1
218.7,2,5,0.250,601.93,49.1,1
218.8,0,0,0.250,603.64,48.6,1
218.8,1,1,0.250,601.39,46.3,1
218.8,2,2,0.250,603.33,48.3,1
218.8,0,3,0.250,601.38,47.2,1
218.8,1,4,0.250,602.32,47.1,1
218.8,2,5,0.250,601.93,49.1,1
218.9,0,0,0.250,603.64,48.6,1
218.9,1,1,0.250,601.39,46.3,1
218.9,2,2,0.250,603.33,48.3,1
218.9,0,3,0.250,601.38,47.2,1
218.9,1,4,0.250,602.32,47.1,1
218.9,2,5,0.250,601.93,49.1,1
219.0,0,0,0.250,603.64,48.6,1
219.0,1,1,0.250,601.39,46.3,1
219.0,2,2,0.250,603.33,48.3,1
219.0,0,3,0.250,601.38,47.2,1
219.0,1,4,0.250,602.32,47.1,1
219.0,2,5,0.250,601.93,49.1,1
219.1,0,0,0.250,603.64,48.6,1
219.1,1,1,0.250,601.39,46.3,1
219.1,2,2,0.250,603.33,48.3,1
219.1,0,3,0.250,601.38,47.2,1
219.1,1,4,0.250,602.32,47.1,1
219.1,2,5,0.250,601.93,49.1,1
219.2,0,0,0.250,603.64,48.6,1
219.2,1,1,0.250,601.39,46.3,1
219.2,2,2,0.250,603.33,48.3,1
219.2,0,3,0.250,601.38,47.2,1
219.2,1,4,0.250,602.32,47.1,1
219.2,2,5,0.250,601.93,49.1,1
219.3,0,0,0.250,603.64,48.6,1
219.3,1,1,0.250,601.39,46.3,1
219.3,2,2,0.250,603.33,48.3,1
219.3,0,3,0.250,601.38,47.2,1
219.3,1,4,0.250,602.32,47.1,1
219.3,2,5,0.250,601.93,49.1,1
219.4,0,0,0.250,603.64,48.6,1
219.4,1,1,0.250,601.39,46.3,1
219.4,2,2,0.250,603.33,48.3,1
219.4,0,3,0.250,601.38,47.2,1
219.4,1,4,0.250,602.32,47.1,1
219.4,2,5,0.250,601.93,49.1,1
219.5,0,0,0.250,603.64,48.6,1
219.5,1,1,0.250,601.39,46.3,1
219.5,2,2,0.250,603.33,48.3,1
219.5,0,3,0.250,601.38,47.2,1
219.5,1,4,0.250,602.32,47.1,1
219.5,2,5,0.250,601.93,49.1,1
219.6,0,0,0.250,603.64,48.6,1
219.6,1,1,0.250,601.39,46.3,1
219.6,2,2,0.250,603.33,48.3,1
219.6,0,3,0.250,601.38,47.2,1
219.6,1,4,0.250,602.32,47.1,1
219.6,2,5,0.250,601.93,49.1,1
219.7,0,0,0.250,603.64,48.6,1
219.7,1,1,0.250,601.39,46.3,1
219.7,2,2,0.250,603.33,48.3,1
219.7,0,3,0.250,601.38,47.2,1
219.7,1,4,0.250,602.32,47.1,1
219.7,2,5,0.250,601.93,49.1,1
219.8,0,0,0.250,603.64,48.6,1
219.8,1,1,0.250,601.39,46.3,1
219.8,2,2,0.250,603.33,48.3,1
219.8,0,3,0.250,601.38,47.2,1
219.8,1,4,0.250,602.32,47.1,1
219.8,2,5,0.250,601.93,49.1,1
219.9,0,0,0.250,603.64,48.6,1
219.9,1,1,0.250,601.39,46.3,1
219.9,2,2,0.250,603.33,48.3,1
219.9,0,3,0.250,601.38,47.2,1
219.9,1,4,0.250,602.32,47.1,1
219.9,2,5,0.250,601.93,49.1,1
220.0,0,0,0.250,603.64,48.6,1
220.0,1,1,0.250,601.39,46.3,1
220.0,2,2,0.250,603.33,48.3,1
220.0,0,3,0.250,601.38,47.2,1
220.0,1,4,0.250,602.32,47.1,1
220.0,2,5,0.250,601.93,49.1,1
220.1,0,0,0.250,603.64,48.6,1
220.1,1,1,0.250,601.39,46.3,1
220.1,2,2,0.250,603.33,48.3,1
220.1,0,3,0.250,601.38,47.2,1
220.1,1,4,0.250,602.32,47.1,1
220.1,2,5,0.250,601.93,49.1,1
220.2,0,0,0.250,603.64,48.6,1
220.2,1,1,0.250,601.39,46.3,1
220.2,2,2,0.250,603.33,48.3,1
220.2,0,3,0.250,601.38,47.2,1
220.2,1,4,0.250,602.32,47.1,1
220.2,2,5,0.250,601.93,49.1,1
220.3,0,0,0.250,603.64,48.6,1
220.3,1,1,0.250,601.39,46.3,1
220.3,2,2,0.250,603.33,48.3,1
220.3,0,3,0.250,601.38,47.2,1
220.3,1,4,0.250,602.32,47.1,1
220.3,2,5,0.250,601.93,49.1,1
220.4,0,0,0.250,603.64,48.6,1
220.4,1,1,0.250,601.39,46.3,1
220.4,2,2,0.250,603.33,48.3,1
220.4,0,3,0.250,601.38,47.2,1
220.4,1,4,0.250,602.32,47.1,1
220.4,2,5,0.250,601.93,49.1,1
220.5,0,0,0.250,603.64,48.6,1
220.5,1,1,0.250,601.39,46.3,1
220.5,2,2,0.250,603.33,48.3,1
220.5,0,3,0.250,601.38,47.2,1
220.5,1,4,0.250,602.32,47.1,1
220.5,2,5,0.250,601.93,49.1,1
220.6,0,0,0.250,603.64,48.6,1
220.6,1,1,0.250,601.39,46.3,1
220.6,2,2,0.250,603.33,48.3,1
220.6,0,3,0.250,601.38,47.2,1
220.6,1,4,0.250,602.32,47.1,1
220.6,2,5,0.250,601.93,49.1,1
220.7,0,0,0.250,603.64,48.6,1
220.7,1,1,0.250,601.39,46.3,1
220.7,2,2,0.250,603.33,48.3,1
220.7,0,3,0.250,601.38,47.2,1
220.7,1,4,0.250,602.32,47.1,1
220.7,2,5,0.250,601.93,49.1,1
220.8,0,0,0.250,603.64,48.6,1
220.8,1,1,0.250,601.39,46.3,1
220.8,2,2,0.250,603.33,48.3,1
220.8,0,3,0.250,601.38,47.2,1
220.8,1,4,0.250,602.32,47.1,1
220.8,2,5,0.250,601.93,49.1,1
220.9,0,0,0.250,603.64,48.6,1
220.9,1,1,0.250,601.39,46.3,1
220.9,2,2,0.250,603.33,48.3,1
220.9,0,3,0.250,601.38,47.2,1
220.9,1,4,0.250,602.32,47.1,1
220.9,2,5,0.250,601.93,49.1,1
221.0,0,0,0.250,603.64,48.6,1
221.0,1,1,0.250,601.39,46.3,1
221.0,2,2,0.250,603.33,48.3,1
221.0,0,3,0.250,601.38,47.2,1
221.0,1,4,0.250,602.32,47.1,1
221.0,2,5,0.250,601.93,49.1,1
221.1,0,0,0.250,603.64,48.6,1
221.1,1,1,0.250,601.39,46.3,1
221.1,2,2,0.250,603.33,48.3,1
221.1,0,3,0.250,601.38,47.2,1
221.1,1,4,0.250,602.32,47.1,1
221.1,2,5,0.250,601.93,49.1,1
221.2,0,0,0.250,603.64,48.6,1
221.2,1,1,0.250,601.39,46.3,1
221.2,2,2,0.250,603.33,48.3,1
221.2,0,3,0.250,601.38,47.2,1
221.2,1,4,0.250,602.32,47.1,1
221.2,2,5,0.250,601.93,49.1,1
221.3,0,0,0.250,603.64,48.6,1
221.3,1,1,0.250,601.39,46.3,1
221.3,2,2,0.250,603.33,48.3,1
221.3,0,3,0.250,601.38,47.2,1
221.3,1,4,0.250,602.32,47.1,1
221.3,2,5,0.250,601.93,49.1,1
221.4,0,0,0.250,603.64,48.6,1
221.4,1,1,0.250,601.39,46.3,1
221.4,2,2,0.250,603.33,48.3,1
221.4,0,3,0.250,601.38,47.2,1
221.4,1,4,0.250,602.32,47.1,1
221.4,2,5,0.250,601.93,49.1,1
221.5,0,0,0.250,603.64,48.6,1
221.5,1,1,0.250,601.39,46.3,1
221.5,2,2,0.250,603.33,48.3,1
221.5,0,3,0.250,601.38,47.2,1
221.5,1,4,0.250,602.32,47.1,1
221.5,2,5,0.250,601.93,49.1,1
221.6,0,0,0.250,603.64,48.6,1
221.6,1,1,0.250,601.39,46.3,1
221.6,2,2,0.250,603.33,48.3,1
221.6,0,3,0.250,601.38,47.2,1
221.6,1,4,0.250,602.32,47.1,1
221.6,2,5,0.250,601.93,49.1,1
221.7,0,0,0.250,603.64,48.6,1
221.7,1,1,0.250,601.39,46.3,1
221.7,2,2,0.250,603.33,48.3,1
221.7,0,3,0.250,601.38,47.2,1
221.7,1,4,0.250,602.32,47.1,1
221.7,2,5,0.250,601.93,49.1,1
221.8,0,0,0.250,603.64,48.6,1
221.8,1,1,0.250,601.39,46.3,1
221.8,2,2,0.250,603.33,48.3,1
221.8,0,3,0.250,601.38,47.2,1
221.8,1,4,0.250,602.32,47.1,1
221.8,2,5,0.250,601.93,49.1,1
221.9,0,0,0.250,603.64,48.6,1
221.9,1,1,0.250,601.39,46.3,1
221.9,2,2,0.250,603.33,48.3,1
221.9,0,3,0.250,601.38,47.2,1
221.9,1,4,0.250,602.32,47.1,1
221.9,2,5,0.250,601.93,49.1,1
222.0,0,0,0.250,603.64,48.6,1
222.0,1,1,0.250,601.39,46.3,1
222.0,2,2,0.250,603.33,48.3,1
222.0,0,3,0.250,601.38,47.2,1
222.0,1,4,0.250,602.32,47.1,1
222.0,2,5,0.250,601.93,49.1,1
222.1,0,0,0.250,603.64,48.6,1
222.1,1,1,0.250,601.39,46.3,1
222.1,2,2,0.250,603.33,48.3,1
222.1,0,3,0.250,601.38,47.2,1
222.1,1,4,0.250,602.32,47.1,1
222.1,2,5,0.250,601.93,49.1,1
222.2,0,0,0.250,603.64,48.6,1
222.2,1,1,0.250,601.39,46.3,1
222.2,2,2,0.250,603.33,48.3,1
222.2,0,3,0.250,601.38,47.2,1
222.2,1,4,0.250,602.32,47.1,1
222.2,2,5,0.250,601.93,49.1,1
222.3,0,0,0.250,603.64,48.6,1
222.3,1,1,0.250,601.39,46.3,1
222.3,2,2,0.250,603.33,48.3,1
222.3,0,3,0.250,601.38,47.2,1
222.3,1,4,0.250,602.32,47.1,1
222.3,2,5,0.250,601.93,49.1,1
222.4,0,0,0.250,603.64,48.6,1
222.4,1,1,0.250,601.39,46.3,1
222.4,2,2,0.250,603.33,48.3,1
222.4,0,3,0.250,601.38,47.2,1
222.4,1,4,0.250,602.32,47.1,1
222.4,2,5,0.250,601.93,49.1,1
222.5,0,0,0.250,603.64,48.6,1
222.5,1,1,0.250,601.39,46.3,1
222.5,2,2,0.250,603.33,48.3,1
222.5,0,3,0.250,601.38,47.2,1
222.5,1,4,0.250,602.32,47.1,1
222.5,2,5,0.250,601.93,49.1,1
222.6,0,0,0.250,603.64,48.6,1
222.6,1,1,0.250,601.39,46.3,1
222.6,2,2,0.250,603.33,48.3,1
222.6,0,3,0.250,601.38,47.2,1
222.6,1,4,0.250,602.32,47.1,1
222.6,2,5,0.250,601.93,49.1,1
222.7,0,0,0.250,603.64,48.6,1
222.7,1,1,0.250,601.39,46.3,1
222.7,2,2,0.250,603.33,48.3,1
222.7,0,3,0.250,601.38,47.2,1
222.7,1,4,0.250,602.32,47.1,1
222.7,2,5,0.250,601.93,49.1,1
222.8,0,0,0.250,603.64,48.6,1
222.8,1,1,0.250,601.39,46.3,1
222.8,2,2,0.250,603.33,48.3,1
222.8,0,3,0.250,601.38,47.2,1
222.8,1,4,0.250,602.32,47.1,1
222.8,2,5,0.250,601.93,49.1,1
222.9,0,0,0.250,603.64,48.6,1
222.9,1,1,0.250,601.39,46.3,1
222.9,2,2,0.250,603.33,48.3,1
222.9,0,3,0.250,601.38,47.2,1
222.9,1,4,0.250,602.32,47.1,1
222.9,2,5,0.250,601.93,49.1,1
223.0,0,0,0.250,603.64,48.6,1
223.0,1,1,0.250,601.39,46.3,1
223.0,2,2,0.250,603.33,48.3,1
223.0,0,3,0.250,601.38,47.2,1
223.0,1,4,0.250,602.32,47.1,1
223.0,2,5,0.250,601.93,49.1,1
223.1,0,0,0.250,603.64,48.6,1
223.1,1,1,0.250,601.39,46.3,1
223.1,2,2,0.250,603.33,48.3,1
223.1,0,3,0.250,601.38,47.2,1
223.1,1,4,0.250,602.32,47.1,1
223.1,2,5,0.250,601.93,49.1,1
223.2,0,0,0.250,603.64,48.6,1
223.2,1,1,0.250,601.39,46.3,1
223.2,2,2,0.250,603.33,48.3,1
223.2,0,3,0.250,601.38,47.2,1
223.2,1,4,0.250,602.32,47.1,1
223.2,2,5,0.250,601.93,49.1,1
223.3,0,0,0.250,603.64,48.6,1
223.3,1,1,0.250,601.39,46.3,1
223.3,2,2,0.250,603.33,48.3,1
223.3,0,3,0.250,601.38,47.2,1
223.3,1,4,0.250,602.32,47.1,1
223.3,2,5,0.250,601.93,49.1,1
223.4,0,0,0.250,603.64,48.6,1
223.4,1,1,0.250,601.39,46.3,1
223.4,2,2,0.250,603.33,48.3,1
223.4,0,3,0.250,601.38,47.2,1
223.4,1,4,0.250,602.32,47.1,1
223.4,2,5,0.250,601.93,49.1,1
223.5,0,0,0.250,603.64,48.6,1
223.5,1,1,0.250,601.39,46.3,1
223.5,2,2,0.250,603.33,48.3,1
223.5,0,3,0.250,601.38,47.2,1
223.5,1,4,0.250,602.32,47.1,1
223.5,2,5,0.250,601.93,49.1,1
223.6,0,0,0.250,603.64,48.6,1
223.6,1,1,0.250,601.39,46.3,1
223.6,2,2,0.250,603.33,48.3,1
223.6,0,3,0.250,601.38,47.2,1
223.6,1,4,0.250,602.32,47.1,1
223.6,2,5,0.250,601.93,49.1,1
223.7,0,0,0.250,603.64,48.6,1
223.7,1,1,0.250,601.39,46.3,1
223.7,2,2,0.250,603.33,48.3,1
223.7,0,3,0.250,601.38,47.2,1
223.7,1,4,0.250,602.32,47.1,1
223.7,2,5,0.250,601.93,49.1,1
223.8,0,0,0.250,603.64,48.6,1
223.8,1,1,0.250,601.39,46.3,1
223.8,2,2,0.250,603.33,48.3,1
223.8,0,3,0.250,601.38,47.2,1
223.8,1,4,0.250,602.32,47.1,1
223.8,2,5,0.250,601.93,49.1,1
223.9,0,0,0.250,603.64,48.6,1
223.9,1,1,0.250,601.39,46.3,1
223.9,2,2,0.250,603.33,48.3,1
223.9,0,3,0.250,601.38,47.2,1
223.9,1,4,0.250,602.32,47.1,1
223.9,2,5,0.250,601.93,49.1,1
224.0,0,0,0.250,603.64,48.6,1
224.0,1,1,0.250,601.39,46.3,1
224.0,2,2,0.250,603.33,48.3,1
224.0,0,3,0.250,601.38,47.2,1
224.0,1,4,0.250,602.32,47.1,1
224.0,2,5,0.250,601.93,49.1,1
224.1,0,0,0.250,603.64,48.6,1
224.1,1,1,0.250,601.39,46.3,1
224.1,2,2,0.250,603.33,48.3,1
224.1,0,3,0.250,601.38,47.2,1
224.1,1,4,0.250,602.32,47.1,1
224.1,2,5,0.250,601.93,49.1,1
224.2,0,0,0.250,603.64,48.6,1
224.2,1,1,0.250,601.39,46.3,1
224.2,2,2,0.250,603.33,48.3,1
224.2,0,3,0.250,601.38,47.2,1
224.2,1,4,0.250,602.32,47.1,1
224.2,2,5,0.250,601.93,49.1,1
224.3,0,0,0.250,603.64,48.6,1
224.3,1,1,0.250,601.39,46.3,1
224.3,2,2,0.250,603.33,48.3,1
224.3,0,3,0.250,601.38,47.2,1
224.3,1,4,0.250,602.32,47.1,1
224.3,2,5,0.250,601.93,49.1,1
224.4,0,0,0.250,603.64,48.6,1
224.4,1,1,0.250,601.39,46.3,1
224.4,2,2,0.250,603.33,48.3,1
224.4,0,3,0.250,601.38,47.2,1
224.4,1,4,0.250,602.32,47.1,1
224.4,2,5,0.250,601.93,49.1,1
224.5,0,0,0.250,603.64,48.6,1
224.5,1,1,0.250,601.39,46.3,1
224.5,2,2,0.250,603.33,48.3,1
224.5,0,3,0.250,601.38,47.2,1
224.5,1,4,0.250,602.32,47.1,1
224.5,2,5,0.250,601.93,49.1,1
224.6,0,0,0.250,603.64,48.6,1
224.6,1,1,0.250,601.39,46.3,1
224.6,2,2,0.250,603.33,48.3,1
224.6,0,3,0.250,601.38,47.2,1
224.6,1,4,0.250,602.32,47.1,1
224.6,2,5,0.250,601.93,49.1,1
224.7,0,0,0.250,603.64,48.6,1
224.7,1,1,0.250,601.39,46.3,1
224.7,2,2,0.250,603.33,48.3,1
224.7,0,3,0.250,601.38,47.2,1
224.7,1,4,0.250,602.32,47.1,1
224.7,2,5,0.250,601.93,49.1,1
224.8,0,0,0.250,603.64,48.6,1
224.8,1,1,0.250,601.39,46.3,1
224.8,2,2,0.250,603.33,48.3,1
224.8,0,3,0.250,601.38,47.2,1
224.8,1,4,0.250,602.32,47.1,1
224.8,2,5,0.250,601.93,49.1,1
224.9,0,0,0.250,603.64,48.6,1
224.9,1,1,0.250,601.39,46.3,1
224.9,2,2,0.250,603.33,48.3,1
224.9,0,3,0.250,601.38,47.2,1
224.9,1,4,0.250,602.32,47.1,1
224.9,2,5,0.250,601.93,49.1,1
225.0,0,0,0.250,603.64,48.6,1
225.0,1,1,0.250,601.39,46.3,1
225.0,2,2,0.250,603.33,48.3,1
225.0,0,3,0.250,601.38,47.2,1
225.0,1,4,0.250,602.32,47.1,1
225.0,2,5,0.250,601.93,49.1,1
225.1,0,0,0.250,603.64,48.6,1
225.1,1,1,0.250,601.39,46.3,1
225.1,2,2,0.250,603.33,48.3,1
225.1,0,3,0.250,601.38,47.2,1
225.1,1,4,0.250,602.32,47.1,1
225.1,2,5,0.250,601.93,49.1,1
225.2,0,0,0.250,603.64,48.6,1
225.2,1,1,0.250,601.39,46.3,1
225.2,2,2,0.250,603.33,48.3,1
225.2,0,3,0.250,601.38,47.2,1
225.2,1,4,0.250,602.32,47.1,1
225.2,2,5,0.250,601.93,49.1,1
225.3,0,0,0.250,603.64,48.6,1
225.3,1,1,0.250,601.39,46.3,1
225.3,2,2,0.250,603.33,48.3,1
225.3,0,3,0.250,601.38,47.2,1
225.3,1,4,0.250,602.32,47.1,1
225.3,2,5,0.250,601.93,49.1,1
225.4,0,0,0.250,603.64,48.6,1
225.4,1,1,0.250,601.39,46.3,1
225.4,2,2,0.250,603.33,48.3,1
225.4,0,3,0.250,601.38,47.2,1
225.4,1,4,0.250,602.32,47.1,1
225.4,2,5,0.250,601.93,49.1,1
225.5,0,0,0.250,603.64,48.6,1
225.5,1,1,0.250,601.39,46.3,1
225.5,2,2,0.250,603.33,48.3,1
225.5,0,3,0.250,601.38,47.2,1
225.5,1,4,0.250,602.32,47.1,1
225.5,2,5,0.250,601.93,49.1,1
225.6,0,0,0.250,603.64,48.6,1
225.6,1,1,0.250,601.39,46.3,1
225.6,2,2,0.250,603.33,48.3,1
225.6,0,3,0.250,601.38,47.2,1
225.6,1,4,0.250,602.32,47.1,1
225.6,2,5,0.250,601.93,49.1,1
225.7,0,0,0.250,603.64,48.6,1
225.7,1,1,0.250,601.39,46.3,1
225.7,2,2,0.250,603.33,48.3,1
225.7,0,3,0.250,601.38,47.2,1
225.7,1,4,0.250,602.32,47.1,1
225.7,2,5,0.250,601.93,49.1,1
225.8,0,0,0.250,603.64,48.6,1
225.8,1,1,0.250,601.39,46.3,1
225.8,2,2,0.250,603.33,48.3,1
225.8,0,3,0.250,601.38,47.2,1
225.8,1,4,0.250,602.32,47.1,1
225.8,2,5,0.250,601.93,49.1,1
225.9,0,0,0.250,603.64,48.6,1
225.9,1,1,0.250,601.39,46.3,1
225.9,2,2,0.250,603.33,48.3,1
225.9,0,3,0.250,601.38,47.2,1
225.9,1,4,0.250,602.32,47.1,1
225.9,2,5,0.250,601.93,49.1,1
226.0,0,0,0.250,603.64,48.6,1
226.0,1,1,0.250,601.39,46.3,1
226.0,2,2,0.250,603.33,48.3,1
226.0,0,3,0.250,601.38,47.2,1
226.0,1,4,0.250,602.32,47.1,1
226.0,2,5,0.250,601.93,49.1,1
226.1,0,0,0.250,603.64,48.6,1
226.1,1,1,0.250,601.39,46.3,1
226.1,2,2,0.250,603.33,48.3,1
226.1,0,3,0.250,601.38,47.2,1
226.1,1,4,0.250,602.32,47.1,1
226.1,2,5,0.250,601.93,49.1,1
226.2,0,0,0.250,603.64,48.6,1
226.2,1,1,0.250,601.39,46.3,1
226.2,2,2,0.250,603.33,48.3,1
226.2,0,3,0.250,601.38,47.2,1
226.2,1,4,0.250,602.32,47.1,1
226.2,2,5,0.250,601.93,49.1,1
226.3,0,0,0.250,603.64,48.6,1
226.3,1,1,0.250,601.39,46.3,1
226.3,2,2,0.250,603.33,48.3,1
226.3,0,3,0.250,601.38,47.2,1
226.3,1,4,0.250,602.32,47.1,1
226.3,2,5,0.250,601.93,49.1,1
226.4,0,0,0.250,603.64,48.6,1
226.4,1,1,0.250,601.39,46.3,1
226.4,2,2,0.250,603.33,48.3,1
226.4,0,3,0.250,601.38,47.2,1
226.4,1,4,0.250,602.32,47.1,1
226.4,2,5,0.250,601.93,49.1,1
226.5,0,0,0.250,603.64,48.6,1
226.5,1,1,0.250,601.39,46.3,1
226.5,2,2,0.250,603.33,48.3,1
226.5,0,3,0.250,601.38,47.2,1
226.5,1,4,0.250,602.32,47.1,1
226.5,2,5,0.250,601.93,49.1,1
226.6,0,0,0.250,603.64,48.6,1
226.6,1,1,0.250,601.39,46.3,1
226.6,2,2,0.250,603.33,48.3,1
226.6,0,3,0.250,601.38,47.2,1
226.6,1,4,0.250,602.32,47.1,1
226.6,2,5,0.250,601.93,49.1,1
226.7,0,0,0.250,603.64,48.6,1
226.7,1,1,0.250,601.39,46.3,1
226.7,2,2,0.250,603.33,48.3,1
226.7,0,3,0.250,601.38,47.2,1
226.7,1,4,0.250,602.32,47.1,1
226.7,2,5,0.250,601.93,49.1,1
226.8,0,0,0.250,603.64,48.6,1
226.8,1,1,0.250,601.39,46.3,1
226.8,2,2,0.250,603.33,48.3,1
226.8,0,3,0.250,601.38,47.2,1
226.8,1,4,0.250,602.32,47.1,1
226.8,2,5,0.250,601.93,49.1,1
226.9,0,0,0.250,603.64,48.6,1
226.9,1,1,0.250,601.39,46.3,1
226.9,2,2,0.250,603.33,48.3,1
226.9,0,3,0.250,601.38,47.2,1
226.9,1,4,0.250,602.32,47.1,1
226.9,2,5,0.250,601.93,49.1,1
227.0,0,0,0.250,603.64,48.6,1
227.0,1,1,0.250,601.39,46.3,1
227.0,2,2,0.250,603.33,48.3,1
227.0,0,3,0.250,601.38,47.2,1
227.0,1,4,0.250,602.32,47.1,1
227.0,2,5,0.250,601.93,49.1,1
227.1,0,0,0.250,603.64,48.6,1
227.1,1,1,0.250,601.39,46.3,1
227.1,2,2,0.250,603.33,48.3,1
227.1,0,3,0.250,601.38,47.2,1
227.1,1,4,0.250,602.32,47.1,1
227.1,2,5,0.250,601.93,49.1,1
227.2,0,0,0.250,603.64,48.6,1
227.2,1,1,0.250,601.39,46.3,1
227.2,2,2,0.250,603.33,48.3,1
227.2,0,3,0.250,601.38,47.2,1
227.2,1,4,0.250,602.32,47.1,1
227.2,2,5,0.250,601.93,49.1,1
227.3,0,0,0.250,603.64,48.6,1
227.3,1,1,0.250,601.39,46.3,1
227.3,2,2,0.250,603.33,48.3,1
227.3,0,3,0.250,601.38,47.2,1
227.3,1,4,0.250,602.32,47.1,1
227.3,2,5,0.250,601.93,49.1,1
227.4,0,0,0.250,603.64,48.6,1
227.4,1,1,0.250,601.39,46.3,1
227.4,2,2,0.250,603.33,48.3,1
227.4,0,3,0.250,601.38,47.2,1
227.4,1,4,0.250,602.32,47.1,1
227.4,2,5,0.250,601.93,49.1,1
227.5,0,0,0.250,603.64,48.6,1
227.5,1,1,0.250,601.39,46.3,1
227.5,2,2,0.250,603.33,48.3,1
227.5,0,3,0.250,601.38,47.2,1
227.5,1,4,0.250,602.32,47.1,1
227.5,2,5,0.250,601.93,49.1,1
227.6,0,0,0.250,603.64,48.6,1
227.6,1,1,0.250,601.39,46.3,1
227.6,2,2,0.250,603.33,48.3,1
227.6,0,3,0.250,601.38,47.2,1
227.6,1,4,0.250,602.32,47.1,1
227.6,2,5,0.250,601.93,49.1,1
227.7,0,0,0.250,603.64,48.6,1
227.7,1,1,0.250,601.39,46.3,1
227.7,2,2,0.250,603.33,48.3,1
227.7,0,3,0.250,601.38,47.2,1
227.7,1,4,0.250,602.32,47.1,1
227.7,2,5,0.250,601.93,49.1,1
227.8,0,0,0.250,603.64,48.6,1
227.8,1,1,0.250,601.39,46.3,1
227.8,2,2,0.250,603.33,48.3,1
227.8,0,3,0.250,601.38,47.2,1
227.8,1,4,0.250,602.32,47.1,1
227.8,2,5,0.250,601.93,49.1,1
227.9,0,0,0.250,603.64,48.6,1
227.9,1,1,0.250,601.39,46.3,1
227.9,2,2,0.250,603.33,48.3,1
227.9,0,3,0.250,601.38,47.2,1
227.9,1,4,0.250,602.32,47.1,1
227.9,2,5,0.250,601.93,49.1,1
228.0,0,0,0.250,603.64,48.6,1
228.0,1,1,0.250,601.39,46.3,1
228.0,2,2,0.250,603.33,48.3,1
228.0,0,3,0.250,601.38,47.2,1
228.0,1,4,0.250,602.32,47.1,1
228.0,2,5,0.250,601.93,49.1,1
228.1,0,0,0.250,603.64,48.6,1
228.1,1,1,0.250,601.39,46.3,1
228.1,2,2,0.250,603.33,48.3,1
228.1,0,3,0.250,601.38,47.2,1
228.1,1,4,0.250,602.32,47.1,1
228.1,2,5,0.250,601.93,49.1,1
228.2,0,0,0.250,603.64,48.6,1
228.2,1,1,0.250,601.39,46.3,1
228.2,2,2,0.250,603.33,48.3,1
228.2,0,3,0.250,601.38,47.2,1
228.2,1,4,0.250,602.32,47.1,1
228.2,2,5,0.250,601.93,49.1,1
228.3,0,0,0.250,603.64,48.6,1
228.3,1,1,0.250,601.39,46.3,1
228.3,2,2,0.250,603.33,48.3,1
228.3,0,3,0.250,601.38,47.2,1
228.3,1,4,0.250,602.32,47.1,1
228.3,2,5,0.250,601.93,49.1,1
228.4,0,0,0.250,603.64,48.6,1
228.4,1,1,0.250,601.39,46.3,1
228.4,2,2,0.250,603.33,48.3,1
228.4,0,3,0.250,601.38,47.2,1
228.4,1,4,0.250,602.32,47.1,1
228.4,2,5,0.250,601.93,49.1,1
228.5,0,0,0.250,603.64,48.6,1
228.5,1,1,0.250,601.39,46.3,1
228.5,2,2,0.250,603.33,48.3,1
228.5,0,3,0.250,601.38,47.2,1
228.5,1,4,0.250,602.32,47.1,1
228.5,2,5,0.250,601.93,49.1,1
228.6,0,0,0.250,603.64,48.6,1
228.6,1,1,0.250,601.39,46.3,1
228.6,2,2,0.250,603.33,48.3,1
228.6,0,3,0.250,601.38,47.2,1
228.6,1,4,0.250,602.32,47.1,1
228.6,2,5,0.250,601.93,49.1,1
228.7,0,0,0.250,603.64,48.6,1
228.7,1,1,0.250,601.39,46.3,1
228.7,2,2,0.250,603.33,48.3,1
228.7,0,3,0.250,601.38,47.2,1
228.7,1,4,0.250,602.32,47.1,1
228.7,2,5,0.250,601.93,49.1,1
228.8,0,0,0.250,603.64,48.6,1
228.8,1,1,0.250,601.39,46.3,1
228.8,2,2,0.250,603.33,48.3,1
228.8,0,3,0.250,601.38,47.2,1
228.8,1,4,0.250,602.32,47.1,1
228.8,2,5,0.250,601.93,49.1,1
228.9,0,0,0.250,603.64,48.6,1
228.9,1,1,0.250,601.39,46.3,1
228.9,2,2,0.250,603.33,48.3,1
228.9,0,3,0.250,601.38,47.2,1
228.9,1,4,0.250,602.32,47.1,1
228.9,2,5,0.250,601.93,49.1,1
229.0,0,0,0.250,603.64,48.6,1
229.0,1,1,0.250,601.39,46.3,1
229.0,2,2,0.250,603.33,48.3,1
229.0,0,3,0.250,601.38,47.2,1
229.0,1,4,0.250,602.32,47.1,1
229.0,2,5,0.250,601.93,49.1,1
229.1,0,0,0.250,603.64,48.6,1
229.1,1,1,0.250,601.39,46.3,1
229.1,2,2,0.250,603.33,48.3,1
229.1,0,3,0.250,601.38,47.2,1
229.1,1,4,0.250,602.32,47.1,1
229.1,2,5,0.250,601.93,49.1,1
229.2,0,0,0.250,603.64,48.6,1
229.2,1,1,0.250,601.39,46.3,1
229.2,2,2,0.250,603.33,48.3,1
229.2,0,3,0.250,601.38,47.2,1
229.2,1,4,0.250,602.32,47.1,1
229.2,2,5,0.250,601.93,49.1,1
229.3,0,0,0.250,603.64,48.6,1
229.3,1,1,0.250,601.39,46.3,1
229.3,2,2,0.250,603.33,48.3,1
229.3,0,3,0.250,601.38,47.2,1
229.3,1,4,0.250,602.32,47.1,1
229.3,2,5,0.250,601.93,49.1,1
229.4,0,0,0.250,603.64,48.6,1
229.4,1,1,0.250,601.39,46.3,1
229.4,2,2,0.250,603.33,48.3,1
229.4,0,3,0.250,601.38,47.2,1
229.4,1,4,0.250,602.32,47.1,1
229.4,2,5,0.250,601.93,49.1,1
229.5,0,0,0.250,603.64,48.6,1
229.5,1,1,0.250,601.39,46.3,1
229.5,2,2,0.250,603.33,48.3,1
229.5,0,3,0.250,601.38,47.2,1
229.5,1,4,0.250,602.32,47.1,1
229.5,2,5,0.250,601.93,49.1,1
229.6,0,0,0.250,603.64,48.6,1
229.6,1,1,0.250,601.39,46.3,1
229.6,2,2,0.250,603.33,48.3,1
229.6,0,3,0.250,601.38,47.2,1
229.6,1,4,0.250,602.32,47.1,1
229.6,2,5,0.250,601.93,49.1,1
229.7,0,0,0.250,603.64,48.6,1
229.7,1,1,0.250,601.39,46.3,1
229.7,2,2,0.250,603.33,48.3,1
229.7,0,3,0.250,601.38,47.2,1
229.7,1,4,0.250,602.32,47.1,1
229.7,2,5,0.250,601.93,49.1,1
229.8,0,0,0.250,603.64,48.6,1
229.8,1,1,0.250,601.39,46.3,1
229.8,2,2,0.250,603.33,48.3,1
229.8,0,3,0.250,601.38,47.2,1
229.8,1,4,0.250,602.32,47.1,1
229.8,2,5,0.250,601.93,49.1,1
229.9,0,0,0.250,603.64,48.6,1
229.9,1,1,0.250,601.39,46.3,1
229.9,2,2,0.250,603.33,48.3,1
229.9,0,3,0.250,601.38,47.2,1
229.9,1,4,0.250,602.32,47.1,1
229.9,2,5,0.250,601.93,49.1,1
230.0,0,0,0.250,603.64,48.6,1
230.0,1,1,0.250,601.39,46.3,1
230.0,2,2,0.250,603.33,48.3,1
230.0,0,3,0.250,601.38,47.2,1
230.0,1,4,0.250,602.32,47.1,1
230.0,2,5,0.250,601.93,49.1,1
230.1,0,0,0.250,603.64,48.6,1
230.1,1,1,0.250,601.39,46.3,1
230.1,2,2,0.250,603.33,48.3,1
230.1,0,3,0.250,601.38,47.2,1
230.1,1,4,0.250,602.32,47.1,1
230.1,2,5,0.250,601.93,49.1,1
230.2,0,0,0.250,603.64,48.6,1
230.2,1,1,0.250,601.39,46.3,1
230.2,2,2,0.250,603.33,48.3,1
230.2,0,3,0.250,601.38,47.2,1
230.2,1,4,0.250,602.32,47.1,1
230.2,2,5,0.250,601.93,49.1,1
230.3,0,0,0.250,603.64,48.6,1
230.3,1,1,0.250,601.39,46.3,1
230.3,2,2,0.250,603.33,48.3,1
230.3,0,3,0.250,601.38,47.2,1
230.3,1,4,0.250,602.32,47.1,1
230.3,2,5,0.250,601.93,49.1,1
230.4,0,0,0.250,603.64,48.6,1
230.4,1,1,0.250,601.39,46.3,1
230.4,2,2,0.250,603.33,48.3,1
230.4,0,3,0.250,601.38,47.2,1
230.4,1,4,0.250,602.32,47.1,1
230.4,2,5,0.250,601.93,49.1,1
230.5,0,0,0.250,603.64,48.6,1
230.5,1,1,0.250,601.39,46.3,1
230.5,2,2,0.250,603.33,48.3,1
230.5,0,3,0.250,601.38,47.2,1
230.5,1,4,0.250,602.32,47.1,1
230.5,2,5,0.250,601.93,49.1,1
230.6,0,0,0.250,603.64,48.6,1
230.6,1,1,0.250,601.39,46.3,1
230.6,2,2,0.250,603.33,48.3,1
230.6,0,3,0.250,601.38,47.2,1
230.6,1,4,0.250,602.32,47.1,1
230.6,2,5,0.250,601.93,49.1,1
230.7,0,0,0.250,603.64,48.6,1
230.7,1,1,0.250,601.39,46.3,1
230.7,2,2,0.250,603.33,48.3,1
230.7,0,3,0.250,601.38,47.2,1
230.7,1,4,0.250,602.32,47.1,1
230.7,2,5,0.250,601.93,49.1,1
230.8,0,0,0.250,603.64,48.6,1
230.8,1,1,0.250,601.39,46.3,1
230.8,2,2,0.250,603.33,48.3,1
230.8,0,3,0.250,601.38,47.2,1
230.8,1,4,0.250,602.32,47.1,1
230.8,2,5,0.250,601.93,49.1,1
230.9,0,0,0.250,603.64,48.6,1
230.9,1,1,0.250,601.39,46.3,1
230.9,2,2,0.250,603.33,48.3,1
230.9,0,3,0.250,601.38,47.2,1
230.9,1,4,0.250,602.32,47.1,1
230.9,2,5,0.250,601.93,49.1,1
231.0,0,0,0.250,603.64,48.6,1
231.0,1,1,0.250,601.39,46.3,1
231.0,2,2,0.250,603.33,48.3,1
231.0,0,3,0.250,601.38,47.2,1
231.0,1,4,0.250,602.32,47.1,1
231.0,2,5,0.250,601.93,49.1,1
231.1,0,0,0.250,603.64,48.6,1
231.1,1,1,0.250,601.39,46.3,1
231.1,2,2,0.250,603.33,48.3,1
231.1,0,3,0.250,601.38,47.2,1
231.1,1,4,0.250,602.32,47.1,1
231.1,2,5,0.250,601.93,49.1,1
231.2,0,0,0.250,603.64,48.6,1
231.2,1,1,0.250,601.39,46.3,1
231.2,2,2,0.250,603.33,48.3,1
231.2,0,3,0.250,601.38,47.2,1
231.2,1,4,0.250,602.32,47.1,1
231.2,2,5,0.250,601.93,49.1,1
231.3,0,0,0.250,603.64,48.6,1
231.3,1,1,0.250,601.39,46.3,1
231.3,2,2,0.250,603.33,48.3,1
231.3,0,3,0.250,601.38,47.2,1
231.3,1,4,0.250,602.32,47.1,1
231.3,2,5,0.250,601.93,49.1,1
231.4,0,0,0.250,603.64,48.6,1
231.4,1,1,0.250,601.39,46.3,1
231.4,2,2,0.250,603.33,48.3,1
231.4,0,3,0.250,601.38,47.2,1
231.4,1,4,0.250,602.32,47.1,1
231.4,2,5,0.250,601.93,49.1,1
231.5,0,0,0.250,603.64,48.6,1
231.5,1,1,0.250,601.39,46.3,1
231.5,2,2,0.250,603.33,48.3,1
231.5,0,3,0.250,601.38,47.2,1
231.5,1,4,0.250,602.32,47.1,1
231.5,2,5,0.250,601.93,49.1,1
231.6,0,0,0.250,603.64,48.6,1
231.6,1,1,0.250,601.39,46.3,1
231.6,2,2,0.250,603.33,48.3,1
231.6,0,3,0.250,601.38,47.2,1
231.6,1,4,0.250,602.32,47.1,1
231.6,2,5,0.250,601.93,49.1,1
231.7,0,0,0.250,603.64,48.6,1
231.7,1,1,0.250,601.39,46.3,1
231.7,2,2,0.250,603.33,48.3,1
231.7,0,3,0.250,601.38,47.2,1
231.7,1,4,0.250,602.32,47.1,1
231.7,2,5,0.250,601.93,49.1,1
231.8,0,0,0.250,603.64,48.6,1
231.8,1,1,0.250,601.39,46.3,1
231.8,2,2,0.250,603.33,48.3,1
231.8,0,3,0.250,601.38,47.2,1
231.8,1,4,0.250,602.32,47.1,1
231.8,2,5,0.250,601.93,49.1,1
231.9,0,0,0.250,603.64,48.6,1
231.9,1,1,0.250,601.39,46.3,1
231.9,2,2,0.250,603.33,48.3,1
231.9,0,3,0.250,601.38,47.2,1
231.9,1,4,0.250,602.32,47.1,1
231.9,2,5,0.250,601.93,49.1,1
232.0,0,0,0.250,603.64,48.6,1
232.0,1,1,0.250,601.39,46.3,1
232.0,2,2,0.250,603.33,48.3,1
232.0,0,3,0.250,601.38,47.2,1
232.0,1,4,0.250,602.32,47.1,1
232.0,2,5,0.250,601.93,49.1,1
232.1,0,0,0.250,603.64,48.6,1
232.1,1,1,0.250,601.39,46.3,1
232.1,2,2,0.250,603.33,48.3,1
232.1,0,3,0.250,601.38,47.2,1
232.1,1,4,0.250,602.32,47.1,1
232.1,2,5,0.250,601.93,49.1,1
232.2,0,0,0.250,603.64,48.6,1
232.2,1,1,0.250,601.39,46.3,1
232.2,2,2,0.250,603.33,48.3,1
232.2,0,3,0.250,601.38,47.2,1
232.2,1,4,0.250,602.32,47.1,1
232.2,2,5,0.250,601.93,49.1,1
232.3,0,0,0.250,603.64,48.6,1
232.3,1,1,0.250,601.39,46.3,1
232.3,2,2,0.250,603.33,48.3,1
232.3,0,3,0.250,601.38,47.2,1
232.3,1,4,0.250,602.32,47.1,1
232.3,2,5,0.250,601.93,49.1,1
232.4,0,0,0.250,603.64,48.6,1
232.4,1,1,0.250,601.39,46.3,1
232.4,2,2,0.250,603.33,48.3,1
232.4,0,3,0.250,601.38,47.2,1
232.4,1,4,0.250,602.32,47.1,1
232.4,2,5,0.250,601.93,49.1,1
232.5,0,0,0.250,603.64,48.6,1
232.5,1,1,0.250,601.39,46.3,1
232.5,2,2,0.250,603.33,48.3,1
232.5,0,3,0.250,601.38,47.2,1
232.5,1,4,0.250,602.32,47.1,1
232.5,2,5,0.250,601.93,49.1,1
232.6,0,0,0.250,603.64,48.6,1
232.6,1,1,0.250,601.39,46.3,1
232.6,2,2,0.250,603.33,48.3,1
232.6,0,3,0.250,601.38,47.2,1
232.6,1,4,0.250,602.32,47.1,1
232.6,2,5,0.250,601.93,49.1,1
232.7,0,0,0.250,603.64,48.6,1
232.7,1,1,0.250,601.39,46.3,1
232.7,2,2,0.250,603.33,48.3,1
232.7,0,3,0.250,601.38,47.2,1
232.7,1,4,0.250,602.32,47.1,1
232.7,2,5,0.250,601.93,49.1,1
232.8,0,0,0.250,603.64,48.6,1
232.8,1,1,0.250,601.39,46.3,1
232.8,2,2,0.250,603.33,48.3,1
232.8,0,3,0.250,601.38,47.2,1
232.8,1,4,0.250,602.32,47.1,1
232.8,2,5,0.250,601.93,49.1,1
232.9,0,0,0.250,603.64,48.6,1
232.9,1,1,0.250,601.39,46.3,1
232.9,2,2,0.250,603.33,48.3,1
232.9,0,3,0.250,601.38,47.2,1
232.9,1,4,0.250,602.32,47.1,1
232.9,2,5,0.250,601.93,49.1,1
233.0,0,0,0.250,603.64,48.6,1
233.0,1,1,0.250,601.39,46.3,1
233.0,2,2,0.250,603.33,48.3,1
233.0,0,3,0.250,601.38,47.2,1
233.0,1,4,0.250,602.32,47.1,1
233.0,2,5,0.250,601.93,49.1,1
233.1,0,0,0.250,603.64,48.6,1
233.1,1,1,0.250,601.39,46.3,1
233.1,2,2,0.250,603.33,48.3,1
233.1,0,3,0.250,601.38,47.2,1
233.1,1,4,0.250,602.32,47.1,1
233.1,2,5,0.250,601.93,49.1,1
233.2,0,0,0.250,603.64,48.6,1
233.2,1,1,0.250,601.39,46.3,1
233.2,2,2,0.250,603.33,48.3,1
233.2,0,3,0.250,601.38,47.2,1
233.2,1,4,0.250,602.32,47.1,1
233.2,2,5,0.250,601.93,49.1,1
233.3,0,0,0.250,603.64,48.6,1
233.3,1,1,0.250,601.39,46.3,1
233.3,2,2,0.250,603.33,48.3,1
233.3,0,3,0.250,601.38,47.2,1
233.3,1,4,0.250,602.32,47.1,1
233.3,2,5,0.250,601.93,49.1,1
233.4,0,0,0.250,603.64,48.6,1
233.4,1,1,0.250,601.39,46.3,1
233.4,2,2,0.250,603.33,48.3,1
233.4,0,3,0.250,601.38,47.2,1
233.4,1,4,0.250,602.32,47.1,1
233.4,2,5,0.250,601.93,49.1,1
233.5,0,0,0.250,603.64,48.6,1
233.5,1,1,0.250,601.39,46.3,1
233.5,2,2,0.250,603.33,48.3,1
233.5,0,3,0.250,601.38,47.2,1
233.5,1,4,0.250,602.32,47.1,1
233.5,2,5,0.250,601.93,49.1,1
233.6,0,0,0.250,603.64,48.6,1
233.6,1,1,0.250,601.39,46.3,1
233.6,2,2,0.250,603.33,48.3,1
233.6,0,3,0.250,601.38,47.2,1
233.6,1,4,0.250,602.32,47.1,1
233.6,2,5,0.250,601.93,49.1,1
233.7,0,0,0.250,603.64,48.6,1
233.7,1,1,0.250,601.39,46.3,1
233.7,2,2,0.250,603.33,48.3,1
233.7,0,3,0.250,601.38,47.2,1
233.7,1,4,0.250,602.32,47.1,1
233.7,2,5,0.250,601.93,49.1,1
233.8,0,0,0.250,603.64,48.6,1
233.8,1,1,0.250,601.39,46.3,1
233.8,2,2,0.250,603.33,48.3,1
233.8,0,3,0.250,601.38,47.2,1
233.8,1,4,0.250,602.32,47.1,1
233.8,2,5,0.250,601.93,49.1,1
233.9,0,0,0.250,603.64,48.6,1
233.9,1,1,0.250,601.39,46.3,1
233.9,2,2,0.250,603.33,48.3,1
233.9,0,3,0.250,601.38,47.2,1
233.9,1,4,0.250,602.32,47.1,1
233.9,2,5,0.250,601.93,49.1,1
234.0,0,0,0.250,603.64,48.6,1
234.0,1,1,0.250,601.39,46.3,1
234.0,2,2,0.250,603.33,48.3,1
234.0,0,3,0.250,601.38,47.2,1
234.0,1,4,0.250,602.32,47.1,1
234.0,2,5,0.250,601.93,49.1,1
234.1,0,0,0.250,603.64,48.6,1
234.1,1,1,0.250,601.39,46.3,1
234.1,2,2,0.250,603.33,48.3,1
234.1,0,3,0.250,601.38,47.2,1
234.1,1,4,0.250,602.32,47.1,1
234.1,2,5,0.250,601.93,49.1,1
234.2,0,0,0.250,603.64,48.6,1
234.2,1,1,0.250,601.39,46.3,1
234.2,2,2,0.250,603.33,48.3,1
234.2,0,3,0.250,601.38,47.2,1
234.2,1,4,0.250,602.32,47.1,1
234.2,2,5,0.250,601.93,49.1,1
234.3,0,0,0.250,603.64,48.6,1
234.3,1,1,0.250,601.39,46.3,1
234.3,2,2,0.250,603.33,48.3,1
234.3,0,3,0.250,601.38,47.2,1
234.3,1,4,0.250,602.32,47.1,1
234.3,2,5,0.250,601.93,49.1,1
234.4,0,0,0.250,603.64,48.6,1
234.4,1,1,0.250,601.39,46.3,1
234.4,2,2,0.250,603.33,48.3,1
234.4,0,3,0.250,601.38,47.2,1
234.4,1,4,0.250,602.32,47.1,1
234.4,2,5,0.250,601.93,49.1,1
234.5,0,0,0.250,603.64,48.6,1
234.5,1,1,0.250,601.39,46.3,1
234.5,2,2,0.250,603.33,48.3,1
234.5,0,3,0.250,601.38,47.2,1
234.5,1,4,0.250,602.32,47.1,1
234.5,2,5,0.250,601.93,49.1,1
234.6,0,0,0.250,603.64,48.6,1
234.6,1,1,0.250,601.39,46.3,1
234.6,2,2,0.250,603.33,48.3,1
234.6,0,3,0.250,601.38,47.2,1
234.6,1,4,0.250,602.32,47.1,1
234.6,2,5,0.250,601.93,49.1,1
234.7,0,0,0.250,603.64,48.6,1
234.7,1,1,0.250,601.39,46.3,1
234.7,2,2,0.250,603.33,48.3,1
234.7,0,3,0.250,601.38,47.2,1
234.7,1,4,0.250,602.32,47.1,1
234.7,2,5,0.250,601.93,49.1,1
234.8,0,0,0.250,603.64,48.6,1
234.8,1,1,0.250,601.39,46.3,1
234.8,2,2,0.250,603.33,48.3,1
234.8,0,3,0.250,601.38,47.2,1
234.8,1,4,0.250,602.32,47.1,1
234.8,2,5,0.250,601.93,49.1,1
234.9,0,0,0.250,603.64,48.6,1
234.9,1,1,0.250,601.39,46.3,1
234.9,2,2,0.250,603.33,48.3,1
234.9,0,3,0.250,601.38,47.2,1
234.9,1,4,0.250,602.32,47.1,1
234.9,2,5,0.250,601.93,49.1,1
235.0,0,0,0.250,603.64,48.6,1
235.0,1,1,0.250,601.39,46.3,1
235.0,2,2,0.250,603.33,48.3,1
235.0,0,3,0.250,601.38,47.2,1
235.0,1,4,0.250,602.32,47.1,1
235.0,2,5,0.250,601.93,49.1,1
235.1,0,0,0.250,603.64,48.6,1
235.1,1,1,0.250,601.39,46.3,1
235.1,2,2,0.250,603.33,48.3,1
235.1,0,3,0.250,601.38,47.2,1
235.1,1,4,0.250,602.32,47.1,1
235.1,2,5,0.250,601.93,49.1,1
235.2,0,0,0.250,603.64,48.6,1
235.2,1,1,0.250,601.39,46.3,1
235.2,2,2,0.250,603.33,48.3,1
235.2,0,3,0.250,601.38,47.2,1
235.2,1,4,0.250,602.32,47.1,1
235.2,2,5,0.250,601.93,49.1,1
235.3,0,0,0.250,603.64,48.6,1
235.3,1,1,0.250,601.39,46.3,1
235.3,2,2,0.250,603.33,48.3,1
235.3,0,3,0.250,601.38,47.2,1
235.3,1,4,0.250,602.32,47.1,1
235.3,2,5,0.250,601.93,49.1,1
235.4,0,0,0.250,603.64,48.6,1
235.4,1,1,0.250,601.39,46.3,1
235.4,2,2,0.250,603.33,48.3,1
235.4,0,3,0.250,601.38,47.2,1
235.4,1,4,0.250,602.32,47.1,1
235.4,2,5,0.250,601.93,49.1,1
235.5,0,0,0.250,603.64,48.6,1
235.5,1,1,0.250,601.39,46.3,1
235.5,2,2,0.250,603.33,48.3,1
235.5,0,3,0.250,601.38,47.2,1
235.5,1,4,0.250,602.32,47.1,1
235.5,2,5,0.250,601.93,49.1,1
235.6,0,0,0.250,603.64,48.6,1
235.6,1,1,0.250,601.39,46.3,1
235.6,2,2,0.250,603.33,48.3,1
235.6,0,3,0.250,601.38,47.2,1
235.6,1,4,0.250,602.32,47.1,1
235.6,2,5,0.250,601.93,49.1,1
235.7,0,0,0.250,603.64,48.6,1
235.7,1,1,0.250,601.39,46.3,1
235.7,2,2,0.250,603.33,48.3,1
235.7,0,3,0.250,601.38,47.2,1
235.7,1,4,0.250,602.32,47.1,1
235.7,2,5,0.250,601.93,49.1,1
235.8,0,0,0.250,603.64,48.6,1
235.8,1,1,0.250,601.39,46.3,1
235.8,2,2,0.250,603.33,48.3,1
235.8,0,3,0.250,601.38,47.2,1
235.8,1,4,0.250,602.32,47.1,1
235.8,2,5,0.250,601.93,49.1,1
235.9,0,0,0.250,603.64,48.6,1
235.9,1,1,0.250,601.39,46.3,1
235.9,2,2,0.250,603.33,48.3,1
235.9,0,3,0.250,601.38,47.2,1
235.9,1,4,0.250,602.32,47.1,1
235.9,2,5,0.250,601.93,49.1,1
236.0,0,0,0.250,603.64,48.6,1
236.0,1,1,0.250,601.39,46.3,1
236.0,2,2,0.250,603.33,48.3,1
236.0,0,3,0.250,601.38,47.2,1
236.0,1,4,0.250,602.32,47.1,1
236.0,2,5,0.250,601.93,49.1,1
236.1,0,0,0.250,603.64,48.6,1
236.1,1,1,0.250,601.39,46.3,1
236.1,2,2,0.250,603.33,48.3,1
236.1,0,3,0.250,601.38,47.2,1
236.1,1,4,0.250,602.32,47.1,1
236.1,2,5,0.250,601.93,49.1,1
236.2,0,0,0.250,603.64,48.6,1
236.2,1,1,0.250,601.39,46.3,1
236.2,2,2,0.250,603.33,48.3,1
236.2,0,3,0.250,601.38,47.2,1
236.2,1,4,0.250,602.32,47.1,1
236.2,2,5,0.250,601.93,49.1,1
236.3,0,0,0.250,603.64,48.6,1
236.3,1,1,0.250,601.39,46.3,1
236.3,2,2,0.250,603.33,48.3,1
236.3,0,3,0.250,601.38,47.2,1
236.3,1,4,0.250,602.32,47.1,1
236.3,2,5,0.250,601.93,49.1,1
236.4,0,0,0.250,603.64,48.6,1
236.4,1,1,0.250,601.39,46.3,1
236.4,2,2,0.250,603.33,48.3,1
236.4,0,3,0.250,601.38,47.2,1
236.4,1,4,0.250,602.32,47.1,1
236.4,2,5,0.250,601.93,49.1,1
236.5,0,0,0.250,603.64,48.6,1
236.5,1,1,0.250,601.39,46.3,1
236.5,2,2,0.250,603.33,48.3,1
236.5,0,3,0.250,601.38,47.2,1
236.5,1,4,0.250,602.32,47.1,1
236.5,2,5,0.250,601.93,49.1,1
236.6,0,0,0.250,603.64,48.6,1
236.6,1,1,0.250,601.39,46.3,1
236.6,2,2,0.250,603.33,48.3,1
236.6,0,3,0.250,601.38,47.2,1
236.6,1,4,0.250,602.32,47.1,1
236.6,2,5,0.250,601.93,49.1,1
236.7,0,0,0.250,603.64,48.6,1
236.7,1,1,0.250,601.39,46.3,1
236.7,2,2,0.250,603.33,48.3,1
236.7,0,3,0.250,601.38,47.2,1
236.7,1,4,0.250,602.32,47.1,1
236.7,2,5,0.250,601.93,49.1,1
236.8,0,0,0.250,603.64,48.6,1
236.8,1,1,0.250,601.39,46.3,1
236.8,2,2,0.250,603.33,48.3,1
236.8,0,3,0.250,601.38,47.2,1
236.8,1,4,0.250,602.32,47.1,1
236.8,2,5,0.250,601.93,49.1,1
236.9,0,0,0.250,603.64,48.6,1
236.9,1,1,0.250,601.39,46.3,1
236.9,2,2,0.250,603.33,48.3,1
236.9,0,3,0.250,601.38,47.2,1
236.9,1,4,0.250,602.32,47.1,1
236.9,2,5,0.250,601.93,49.1,1
237.0,0,0,0.250,603.64,48.6,1
237.0,1,1,0.250,601.39,46.3,1
237.0,2,2,0.250,603.33,48.3,1
237.0,0,3,0.250,601.38,47.2,1
237.0,1,4,0.250,602.32,47.1,1
237.0,2,5,0.250,601.93,49.1,1
237.1,0,0,0.250,603.64,48.6,1
237.1,1,1,0.250,601.39,46.3,1
237.1,2,2,0.250,603.33,48.3,1
237.1,0,3,0.250,601.38,47.2,1
237.1,1,4,0.250,602.32,47.1,1
237.1,2,5,0.250,601.93,49.1,1
237.2,0,0,0.250,603.64,48.6,1
237.2,1,1,0.250,601.39,46.3,1
237.2,2,2,0.250,603.33,48.3,1
237.2,0,3,0.250,601.38,47.2,1
237.2,1,4,0.250,602.32,47.1,1
237.2,2,5,0.250,601.93,49.1,1
237.3,0,0,0.250,603.64,48.6,1
237.3,1,1,0.250,601.39,46.3,1
237.3,2,2,0.250,603.33,48.3,1
237.3,0,3,0.250,601.38,47.2,1
237.3,1,4,0.250,602.32,47.1,1
237.3,2,5,0.250,601.93,49.1,1
237.4,0,0,0.250,603.64,48.6,1
237.4,1,1,0.250,601.39,46.3,1
237.4,2,2,0.250,603.33,48.3,1
237.4,0,3,0.250,601.38,47.2,1
237.4,1,4,0.250,602.32,47.1,1
237.4,2,5,0.250,601.93,49.1,1
237.5,0,0,0.250,603.64,48.6,1
237.5,1,1,0.250,601.39,46.3,1
237.5,2,2,0.250,603.33,48.3,1
237.5,0,3,0.250,601.38,47.2,1
237.5,1,4,0.250,602.32,47.1,1
237.5,2,5,0.250,601.93,49.1,1
237.6,0,0,0.250,603.64,48.6,1
237.6,1,1,0.250,601.39,46.3,1
237.6,2,2,0.250,603.33,48.3,1
237.6,0,3,0.250,601.38,47.2,1
237.6,1,4,0.250,602.32,47.1,1
237.6,2,5,0.250,601.93,49.1,1
237.7,0,0,0.250,603.64,48.6,1
237.7,1,1,0.250,601.39,46.3,1
237.7,2,2,0.250,603.33,48.3,1
237.7,0,3,0.250,601.38,47.2,1
237.7,1,4,0.250,602.32,47.1,1
237.7,2,5,0.250,601.93,49.1,1
237.8,0,0,0.250,603.64,48.6,1
237.8,1,1,0.250,601.39,46.3,1
237.8,2,2,0.250,603.33,48.3,1
237.8,0,3,0.250,601.38,47.2,1
237.8,1,4,0.250,602.32,47.1,1
237.8,2,5,0.250,601.93,49.1,1
237.9,0,0,0.250,603.64,48.6,1
237.9,1,1,0.250,601.39,46.3,1
237.9,2,2,0.250,603.33,48.3,1
237.9,0,3,0.250,601.38,47.2,1
237.9,1,4,0.250,602.32,47.1,1
237.9,2,5,0.250,601.93,49.1,1
238.0,0,0,0.250,603.64,48.6,1
238.0,1,1,0.250,601.39,46.3,1
238.0,2,2,0.250,603.33,48.3,1
238.0,0,3,0.250,601.38,47.2,1
238.0,1,4,0.250,602.32,47.1,1
238.0,2,5,0.250,601.93,49.1,1
238.1,0,0,0.250,603.64,48.6,1
238.1,1,1,0.250,601.39,46.3,1
238.1,2,2,0.250,603.33,48.3,1
238.1,0,3,0.250,601.38,47.2,1
238.1,1,4,0.250,602.32,47.1,1
238.1,2,5,0.250,601.93,49.1,1
238.2,0,0,0.250,603.64,48.6,1
238.2,1,1,0.250,601.39,46.3,1
238.2,2,2,0.250,603.33,48.3,1
238.2,0,3,0.250,601.38,47.2,1
238.2,1,4,0.250,602.32,47.1,1
238.2,2,5,0.250,601.93,49.1,1
238.3,0,0,0.250,603.64,48.6,1
238.3,1,1,0.250,601.39,46.3,1
238.3,2,2,0.250,603.33,48.3,1
238.3,0,3,0.250,601.38,47.2,1
238.3,1,4,0.250,602.32,47.1,1
238.3,2,5,0.250,601.93,49.1,1
238.4,0,0,0.250,603.64,48.6,1
238.4,1,1,0.250,601.39,46.3,1
238.4,2,2,0.250,603.33,48.3,1
238.4,0,3,0.250,601.38,47.2,1
238.4,1,4,0.250,602.32,47.1,1
238.4,2,5,0.250,601.93,49.1,1
238.5,0,0,0.250,603.64,48.6,1
238.5,1,1,0.250,601.39,46.3,1
238.5,2,2,0.250,603.33,48.3,1
238.5,0,3,0.250,601.38,47.2,1
238.5,1,4,0.250,602.32,47.1,1
238.5,2,5,0.250,601.93,49.1,1
238.6,0,0,0.250,603.64,48.6,1
238.6,1,1,0.250,601.39,46.3,1
238.6,2,2,0.250,603.33,48.3,1
238.6,0,3,0.250,601.38,47.2,1
238.6,1,4,0.250,602.32,47.1,1
238.6,2,5,0.250,601.93,49.1,1
238.7,0,0,0.250,603.64,48.6,1
238.7,1,1,0.250,601.39,46.3,1
238.7,2,2,0.250,603.33,48.3,1
238.7,0,3,0.250,601.38,47.2,1
238.7,1,4,0.250,602.32,47.1,1
238.7,2,5,0.250,601.93,49.1,1
238.8,0,0,0.250,603.64,48.6,1
238.8,1,1,0.250,601.39,46.3,1
238.8,2,2,0.250,603.33,48.3,1
238.8,0,3,0.250,601.38,47.2,1
238.8,1,4,0.250,602.32,47.1,1
238.8,2,5,0.250,601.93,49.1,1
238.9,0,0,0.250,603.64,48.6,1
238.9,1,1,0.250,601.39,46.3,1
238.9,2,2,0.250,603.33,48.3,1
238.9,0,3,0.250,601.38,47.2,1
238.9,1,4,0.250,602.32,47.1,1
238.9,2,5,0.250,601.93,49.1,1
239.0,0,0,0.250,603.64,48.6,1
239.0,1,1,0.250,601.39,46.3,1
239.0,2,2,0.250,603.33,48.3,1
239.0,0,3,0.250,601.38,47.2,1
239.0,1,4,0.250,602.32,47.1,1
239.0,2,5,0.250,601.93,49.1,1
239.1,0,0,0.250,603.64,48.6,1
239.1,1,1,0.250,601.39,46.3,1
239.1,2,2,0.250,603.33,48.3,1
239.1,0,3,0.250,601.38,47.2,1
239.1,1,4,0.250,602.32,47.1,1
239.1,2,5,0.250,601.93,49.1,1
239.2,0,0,0.250,603.64,48.6,1
239.2,1,1,0.250,601.39,46.3,1
239.2,2,2,0.250,603.33,48.3,1
239.2,0,3,0.250,601.38,47.2,1
239.2,1,4,0.250,602.32,47.1,1
239.2,2,5,0.250,601.93,49.1,1
239.3,0,0,0.250,603.64,48.6,1
239.3,1,1,0.250,601.39,46.3,1
239.3,2,2,0.250,603.33,48.3,1
239.3,0,3,0.250,601.38,47.2,1
239.3,1,4,0.250,602.32,47.1,1
239.3,2,5,0.250,601.93,49.1,1
239.4,0,0,0.250,603.64,48.6,1
239.4,1,1,0.250,601.39,46.3,1
239.4,2,2,0.250,603.33,48.3,1
239.4,0,3,0.250,601.38,47.2,1
239.4,1,4,0.250,602.32,47.1,1
239.4,2,5,0.250,601.93,49.1,1
239.5,0,0,0.250,603.64,48.6,1
239.5,1,1,0.250,601.39,46.3,1
239.5,2,2,0.250,603.33,48.3,1
239.5,0,3,0.250,601.38,47.2,1
239.5,1,4,0.250,602.32,47.1,1
239.5,2,5,0.250,601.93,49.1,1
239.6,0,0,0.250,603.64,48.6,1
239.6,1,1,0.250,601.39,46.3,1
239.6,2,2,0.250,603.33,48.3,1
239.6,0,3,0.250,601.38,47.2,1
239.6,1,4,0.250,602.32,47.1,1
239.6,2,5,0.250,601.93,49.1,1
239.7,0,0,0.250,603.64,48.6,1
239.7,1,1,0.250,601.39,46.3,1
239.7,2,2,0.250,603.33,48.3,1
239.7,0,3,0.250,601.38,47.2,1
239.7,1,4,0.250,602.32,47.1,1
239.7,2,5,0.250,601.93,49.1,1
239.8,0,0,0.250,603.64,48.6,1
239.8,1,1,0.250,601.39,46.3,1
239.8,2,2,0.250,603.33,48.3,1
239.8,0,3,0.250,601.38,47.2,1
239.8,1,4,0.250,602.32,47.1,1
239.8,2,5,0.250,601.93,49.1,1
239.9,0,0,0.250,603.64,48.6,1
239.9,1,1,0.250,601.39,46.3,1
239.9,2,2,0.250,603.33,48.3,1
239.9,0,3,0.250,601.38,47.2,1
239.9,1,4,0.250,602.32,47.1,1
239.9,2,5,0.250,601.93,49.1,1
240.0,0,0,0.250,603.64,48.6,1
240.0,1,1,0.250,601.39,46.3,1
240.0,2,2,0.250,603.33,48.3,1
240.0,0,3,0.250,601.38,47.2,1
240.0,1,4,0.250,602.32,47.1,1
240.0,2,5,0.250,601.93,49.1,1
240.1,0,0,0.250,603.64,48.6,1
240.1,1,1,0.250,601.39,46.3,1
240.1,2,2,0.250,603.33,48.3,1
240.1,0,3,0.250,601.38,47.2,1
240.1,1,4,0.250,602.32,47.1,1
240.1,2,5,0.250,601.93,49.1,1
240.2,0,0,0.250,603.64,48.6,1
240.2,1,1,0.250,601.39,46.3,1
240.2,2,2,0.250,603.33,48.3,1
240.2,0,3,0.250,601.38,47.2,1
240.2,1,4,0.250,602.32,47.1,1
240.2,2,5,0.250,601.93,49.1,1
240.3,0,0,0.250,603.64,48.6,1
240.3,1,1,0.250,601.39,46.3,1
240.3,2,2,0.250,603.33,48.3,1
240.3,0,3,0.250,601.38,47.2,1
240.3,1,4,0.250,602.32,47.1,1
240.3,2,5,0.250,601.93,49.1,1
240.4,0,0,0.250,603.64,48.6,1
240.4,1,1,0.250,601.39,46.3,1
240.4,2,2,0.250,603.33,48.3,1
240.4,0,3,0.250,601.38,47.2,1
240.4,1,4,0.250,602.32,47.1,1
240.4,2,5,0.250,601.93,49.1,1
240.5,0,0,0.250,603.64,48.6,1
240.5,1,1,0.250,601.39,46.3,1
240.5,2,2,0.250,603.33,48.3,1
240.5,0,3,0.250,601.38,47.2,1
240.5,1,4,0.250,602.32,47.1,1
240.5,2,5,0.250,601.93,49.1,1
240.6,0,0,0.250,603.64,48.6,1
240.6,1,1,0.250,601.39,46.3,1
240.6,2,2,0.250,603.33,48.3,1
240.6,0,3,0.250,601.38,47.2,1
240.6,1,4,0.250,602.32,47.1,1
240.6,2,5,0.250,601.93,49.1,1
240.7,0,0,0.250,603.64,48.6,1
240.7,1,1,0.250,601.39,46.3,1
240.7,2,2,0.250,603.33,48.3,1
240.7,0,3,0.250,601.38,47.2,1
240.7,1,4,0.250,602.32,47.1,1
240.7,2,5,0.250,601.93,49.1,1
240.8,0,0,0.250,603.64,48.6,1
240.8,1,1,0.250,601.39,46.3,1
240.8,2,2,0.250,603.33,48.3,1
240.8,0,3,0.250,601.38,47.2,1
240.8,1,4,0.250,602.32,47.1,1
240.8,2,5,0.250,601.93,49.1,1
240.9,0,0,0.250,603.64,48.6,1
240.9,1,1,0.250,601.39,46.3,1
240.9,2,2,0.250,603.33,48.3,1
240.9,0,3,0.250,601.38,47.2,1
240.9,1,4,0.250,602.32,47.1,1
240.9,2,5,0.250,601.93,49.1,1
241.0,0,0,0.250,603.64,48.6,1
241.0,1,1,0.250,601.39,46.3,1
241.0,2,2,0.250,603.33,48.3,1
241.0,0,3,0.250,601.38,47.2,1
241.0,1,4,0.250,602.32,47.1,1
241.0,2,5,0.250,601.93,49.1,1
241.1,0,0,0.250,603.64,48.6,1
241.1,1,1,0.250,601.39,46.3,1
241.1,2,2,0.250,603.33,48.3,1
241.1,0,3,0.250,601.38,47.2,1
241.1,1,4,0.250,602.32,47.1,1
241.1,2,5,0.250,601.93,49.1,1
241.2,0,0,0.250,603.64,48.6,1
241.2,1,1,0.250,601.39,46.3,1
241.2,2,2,0.250,603.33,48.3,1
241.2,0,3,0.250,601.38,47.2,1
241.2,1,4,0.250,602.32,47.1,1
241.2,2,5,0.250,601.93,49.1,1
241.3,0,0,0.250,603.64,48.6,1
241.3,1,1,0.250,601.39,46.3,1
241.3,2,2,0.250,603.33,48.3,1
241.3,0,3,0.250,601.38,47.2,1
241.3,1,4,0.250,602.32,47.1,1
241.3,2,5,0.250,601.93,49.1,1
241.4,0,0,0.250,603.64,48.6,1
241.4,1,1,0.250,601.39,46.3,1
241.4,2,2,0.250,603.33,48.3,1
241.4,0,3,0.250,601.38,47.2,1
241.4,1,4,0.250,602.32,47.1,1
241.4,2,5,0.250,601.93,49.1,1
241.5,0,0,0.250,603.64,48.6,1
241.5,1,1,0.250,601.39,46.3,1
241.5,2,2,0.250,603.33,48.3,1
241.5,0,3,0.250,601.38,47.2,1
241.5,1,4,0.250,602.32,47.1,1
241.5,2,5,0.250,601.93,49.1,1
241.6,0,0,0.250,603.64,48.6,1
241.6,1,1,0.250,601.39,46.3,1
241.6,2,2,0.250,603.33,48.3,1
241.6,0,3,0.250,601.38,47.2,1
241.6,1,4,0.250,602.32,47.1,1
241.6,2,5,0.250,601.93,49.1,1
241.7,0,0,0.250,603.64,48.6,1
241.7,1,1,0.250,601.39,46.3,1
241.7,2,2,0.250,603.33,48.3,1
241.7,0,3,0.250,601.38,47.2,1
241.7,1,4,0.250,602.32,47.1,1
241.7,2,5,0.250,601.93,49.1,1
241.8,0,0,0.250,603.64,48.6,1
241.8,1,1,0.250,601.39,46.3,1
241.8,2,2,0.250,603.33,48.3,1
241.8,0,3,0.250,601.38,47.2,1
241.8,1,4,0.250,602.32,47.1,1
241.8,2,5,0.250,601.93,49.1,1
241.9,0,0,0.250,603.64,48.6,1
241.9,1,1,0.250,601.39,46.3,1
241.9,2,2,0.250,603.33,48.3,1
241.9,0,3,0.250,601.38,47.2,1
241.9,1,4,0.250,602.32,47.1,1
241.9,2,5,0.250,601.93,49.1,1
242.0,0,0,0.250,603.64,48.6,1
242.0,1,1,0.250,601.39,46.3,1
242.0,2,2,0.250,603.33,48.3,1
242.0,0,3,0.250,601.38,47.2,1
242.0,1,4,0.250,602.32,47.1,1
242.0,2,5,0.250,601.93,49.1,1
242.1,0,0,0.250,603.64,48.6,1
242.1,1,1,0.250,601.39,46.3,1
242.1,2,2,0.250,603.33,48.3,1
242.1,0,3,0.250,601.38,47.2,1
242.1,1,4,0.250,602.32,47.1,1
242.1,2,5,0.250,601.93,49.1,1
242.2,0,0,0.250,603.64,48.6,1
242.2,1,1,0.250,601.39,46.3,1
242.2,2,2,0.250,603.33,48.3,1
242.2,0,3,0.250,601.38,47.2,1
242.2,1,4,0.250,602.32,47.1,1
242.2,2,5,0.250,601.93,49.1,1
242.3,0,0,0.250,603.64,48.6,1
242.3,1,1,0.250,601.39,46.3,1
242.3,2,2,0.250,603.33,48.3,1
242.3,0,3,0.250,601.38,47.2,1
242.3,1,4,0.250,602.32,47.1,1
242.3,2,5,0.250,601.93,49.1,1
242.4,0,0,0.250,603.64,48.6,1
242.4,1,1,0.250,601.39,46.3,1
242.4,2,2,0.250,603.33,48.3,1
242.4,0,3,0.250,601.38,47.2,1
242.4,1,4,0.250,602.32,47.1,1
242.4,2,5,0.250,601.93,49.1,1
242.5,0,0,0.250,603.64,48.6,1
242.5,1,1,0.250,601.39,46.3,1
242.5,2,2,0.250,603.33,48.3,1
242.5,0,3,0.250,601.38,47.2,1
242.5,1,4,0.250,602.32,47.1,1
242.5,2,5,0.250,601.93,49.1,1
242.6,0,0,0.250,603.64,48.6,1
242.6,1,1,0.250,601.39,46.3,1
242.6,2,2,0.250,603.33,48.3,1
242.6,0,3,0.250,601.38,47.2,1
242.6,1,4,0.250,602.32,47.1,1
242.6,2,5,0.250,601.93,49.1,1
242.7,0,0,0.250,603.64,48.6,1
242.7,1,1,0.250,601.39,46.3,1
242.7,2,2,0.250,603.33,48.3,1
242.7,0,3,0.250,601.38,47.2,1
242.7,1,4,0.250,602.32,47.1,1
242.7,2,5,0.250,601.93,49.1,1
242.8,0,0,0.250,603.64,48.6,1
242.8,1,1,0.250,601.39,46.3,1
242.8,2,2,0.250,603.33,48.3,1
242.8,0,3,0.250,601.38,47.2,1
242.8,1,4,0.250,602.32,47.1,1
242.8,2,5,0.250,601.93,49.1,1
242.9,0,0,0.250,603.64,48.6,1
242.9,1,1,0.250,601.39,46.3,1
242.9,2,2,0.250,603.33,48.3,1
242.9,0,3,0.250,601.38,47.2,1
242.9,1,4,0.250,602.32,47.1,1
242.9,2,5,0.250,601.93,49.1,1
243.0,0,0,0.250,603.64,48.6,1
243.0,1,1,0.250,601.39,46.3,1
243.0,2,2,0.250,603.33,48.3,1
243.0,0,3,0.250,601.38,47.2,1
243.0,1,4,0.250,602.32,47.1,1
243.0,2,5,0.250,601.93,49.1,1
243.1,0,0,0.250,603.64,48.6,1
243.1,1,1,0.250,601.39,46.3,1
243.1,2,2,0.250,603.33,48.3,1
243.1,0,3,0.250,601.38,47.2,1
243.1,1,4,0.250,602.32,47.1,1
243.1,2,5,0.250,601.93,49.1,1
243.2,0,0,0.250,603.64,48.6,1
243.2,1,1,0.250,601.39,46.3,1
243.2,2,2,0.250,603.33,48.3,1
243.2,0,3,0.250,601.38,47.2,1
243.2,1,4,0.250,602.32,47.1,1
243.2,2,5,0.250,601.93,49.1,1
243.3,0,0,0.250,603.64,48.6,1
243.3,1,1,0.250,601.39,46.3,1
243.3,2,2,0.250,603.33,48.3,1
243.3,0,3,0.250,601.38,47.2,1
243.3,1,4,0.250,602.32,47.1,1
243.3,2,5,0.250,601.93,49.1,1
243.4,0,0,0.250,603.64,48.6,1
243.4,1,1,0.250,601.39,46.3,1
243.4,2,2,0.250,603.33,48.3,1
243.4,0,3,0.250,601.38,47.2,1
243.4,1,4,0.250,602.32,47.1,1
243.4,2,5,0.250,601.93,49.1,1
243.5,0,0,0.250,603.64,48.6,1
243.5,1,1,0.250,601.39,46.3,1
243.5,2,2,0.250,603.33,48.3,1
243.5,0,3,0.250,601.38,47.2,1
243.5,1,4,0.250,602.32,47.1,1
243.5,2,5,0.250,601.93,49.1,1
243.6,0,0,0.250,603.64,48.6,1
243.6,1,1,0.250,601.39,46.3,1
243.6,2,2,0.250,603.33,48.3,1
243.6,0,3,0.250,601.38,47.2,1
243.6,1,4,0.250,602.32,47.1,1
243.6,2,5,0.250,601.93,49.1,1
243.7,0,0,0.250,603.64,48.6,1
243.7,1,1,0.250,601.39,46.3,1
243.7,2,2,0.250,603.33,48.3,1
243.7,0,3,0.250,601.38,47.2,1
243.7,1,4,0.250,602.32,47.1,1
243.7,2,5,0.250,601.93,49.1,1
243.8,0,0,0.250,603.64,48.6,1
243.8,1,1,0.250,601.39,46.3,1
243.8,2,2,0.250,603.33,48.3,1
243.8,0,3,0.250,601.38,47.2,1
243.8,1,4,0.250,602.32,47.1,1
243.8,2,5,0.250,601.93,49.1,1
243.9,0,0,0.250,603.64,48.6,1
243.9,1,1,0.250,601.39,46.3,1
243.9,2,2,0.250,603.33,48.3,1
243.9,0,3,0.250,601.38,47.2,1
243.9,1,4,0.250,602.32,47.1,1
243.9,2,5,0.250,601.93,49.1,1
244.0,0,0,0.250,603.64,48.6,1
244.0,1,1,0.250,601.39,46.3,1
244.0,2,2,0.250,603.33,48.3,1
244.0,0,3,0.250,601.38,47.2,1
244.0,1,4,0.250,602.32,47.1,1
244.0,2,5,0.250,601.93,49.1,1
244.1,0,0,0.250,603.64,48.6,1
244.1,1,1,0.250,601.39,46.3,1
244.1,2,2,0.250,603.33,48.3,1
244.1,0,3,0.250,601.38,47.2,1
244.1,1,4,0.250,602.32,47.1,1
244.1,2,5,0.250,601.93,49.1,1
244.2,0,0,0.250,603.64,48.6,1
244.2,1,1,0.250,601.39,46.3,1
244.2,2,2,0.250,603.33,48.3,1
244.2,0,3,0.250,601.38,47.2,1
244.2,1,4,0.250,602.32,47.1,1
244.2,2,5,0.250,601.93,49.1,1
244.3,0,0,0.250,603.64,48.6,1
244.3,1,1,0.250,601.39,46.3,1
244.3,2,2,0.250,603.33,48.3,1
244.3,0,3,0.250,601.38,47.2,1
244.3,1,4,0.250,602.32,47.1,1
244.3,2,5,0.250,601.93,49.1,1
244.4,0,0,0.250,603.64,48.6,1
244.4,1,1,0.250,601.39,46.3,1
244.4,2,2,0.250,603.33,48.3,1
244.4,0,3,0.250,601.38,47.2,1
244.4,1,4,0.250,602.32,47.1,1
244.4,2,5,0.250,601.93,49.1,1
244.5,0,0,0.250,603.64,48.6,1
244.5,1,1,0.250,601.39,46.3,1
244.5,2,2,0.250,603.33,48.3,1
244.5,0,3,0.250,601.38,47.2,1
244.5,1,4,0.250,602.32,47.1,1
244.5,2,5,0.250,601.93,49.1,1
244.6,0,0,0.250,603.64,48.6,1
244.6,1,1,0.250,601.39,46.3,1
244.6,2,2,0.250,603.33,48.3,1
244.6,0,3,0.250,601.38,47.2,1
244.6,1,4,0.250,602.32,47.1,1
244.6,2,5,0.250,601.93,49.1,1
244.7,0,0,0.250,603.64,48.6,1
244.7,1,1,0.250,601.39,46.3,1
244.7,2,2,0.250,603.33,48.3,1
244.7,0,3,0.250,601.38,47.2,1
244.7,1,4,0.250,602.32,47.1,1
244.7,2,5,0.250,601.93,49.1,1
244.8,0,0,0.250,603.64,48.6,1
244.8,1,1,0.250,601.39,46.3,1
244.8,2,2,0.250,603.33,48.3,1
244.8,0,3,0.250,601.38,47.2,1
244.8,1,4,0.250,602.32,47.1,1
244.8,2,5,0.250,601.93,49.1,1
244.9,0,0,0.250,603.64,48.6,1
244.9,1,1,0.250,601.39,46.3,1
244.9,2,2,0.250,603.33,48.3,1
244.9,0,3,0.250,601.38,47.2,1
244.9,1,4,0.250,602.32,47.1,1
244.9,2,5,0.250,601.93,49.1,1
245.0,0,0,0.250,603.64,48.6,1
245.0,1,1,0.250,601.39,46.3,1
245.0,2,2,0.250,603.33,48.3,1
245.0,0,3,0.250,601.38,47.2,1
245.0,1,4,0.250,602.32,47.1,1
245.0,2,5,0.250,601.93,49.1,1
245.1,0,0,0.250,603.64,48.6,1
245.1,1,1,0.250,601.39,46.3,1
245.1,2,2,0.250,603.33,48.3,1
245.1,0,3,0.250,601.38,47.2,1
245.1,1,4,0.250,602.32,47.1,1
245.1,2,5,0.250,601.93,49.1,1
245.2,0,0,0.250,603.64,48.6,1
245.2,1,1,0.250,601.39,46.3,1
245.2,2,2,0.250,603.33,48.3,1
245.2,0,3,0.250,601.38,47.2,1
245.2,1,4,0.250,602.32,47.1,1
245.2,2,5,0.250,601.93,49.1,1
245.3,0,0,0.250,603.64,48.6,1
245.3,1,1,0.250,601.39,46.3,1
245.3,2,2,0.250,603.33,48.3,1
245.3,0,3,0.250,601.38,47.2,1
245.3,1,4,0.250,602.32,47.1,1
245.3,2,5,0.250,601.93,49.1,1
245.4,0,0,0.250,603.64,48.6,1
245.4,1,1,0.250,601.39,46.3,1
245.4,2,2,0.250,603.33,48.3,1
245.4,0,3,0.250,601.38,47.2,1
245.4,1,4,0.250,602.32,47.1,1
245.4,2,5,0.250,601.93,49.1,1
245.5,0,0,0.250,603.64,48.6,1
245.5,1,1,0.250,601.39,46.3,1
245.5,2,2,0.250,603.33,48.3,1
245.5,0,3,0.250,601.38,47.2,1
245.5,1,4,0.250,602.32,47.1,1
245.5,2,5,0.250,601.93,49.1,1
245.6,0,0,0.250,603.64,48.6,1
245.6,1,1,0.250,601.39,46.3,1
245.6,2,2,0.250,603.33,48.3,1
245.6,0,3,0.250,601.38,47.2,1
245.6,1,4,0.250,602.32,47.1,1
245.6,2,5,0.250,601.93,49.1,1
245.7,0,0,0.250,603.64,48.6,1
245.7,1,1,0.250,601.39,46.3,1
245.7,2,2,0.250,603.33,48.3,1
245.7,0,3,0.250,601.38,47.2,1
245.7,1,4,0.250,602.32,47.1,1
245.7,2,5,0.250,601.93,49.1,1
245.8,0,0,0.250,603.64,48.6,1
245.8,1,1,0.250,601.39,46.3,1
245.8,2,2,0.250,603.33,48.3,1
245.8,0,3,0.250,601.38,47.2,1
245.8,1,4,0.250,602.32,47.1,1
245.8,2,5,0.250,601.93,49.1,1
245.9,0,0,0.250,603.64,48.6,1
245.9,1,1,0.250,601.39,46.3,1
245.9,2,2,0.250,603.33,48.3,1
245.9,0,3,0.250,601.38,47.2,1
245.9,1,4,0.250,602.32,47.1,1
245.9,2,5,0.250,601.93,49.1,1
246.0,0,0,0.250,603.64,48.6,1
246.0,1,1,0.250,601.39,46.3,1
246.0,2,2,0.250,603.33,48.3,1
246.0,0,3,0.250,601.38,47.2,1
246.0,1,4,0.250,602.32,47.1,1
246.0,2,5,0.250,601.93,49.1,1
246.1,0,0,0.250,603.64,48.6,1
246.1,1,1,0.250,601.39,46.3,1
246.1,2,2,0.250,603.33,48.3,1
246.1,0,3,0.250,601.38,47.2,1
246.1,1,4,0.250,602.32,47.1,1
246.1,2,5,0.250,601.93,49.1,1
246.2,0,0,0.250,603.64,48.6,1
246.2,1,1,0.250,601.39,46.3,1
246.2,2,2,0.250,603.33,48.3,1
246.2,0,3,0.250,601.38,47.2,1
246.2,1,4,0.250,602.32,47.1,1
246.2,2,5,0.250,601.93,49.1,1
246.3,0,0,0.250,603.64,48.6,1
246.3,1,1,0.250,601.39,46.3,1
246.3,2,2,0.250,603.33,48.3,1
246.3,0,3,0.250,601.38,47.2,1
246.3,1,4,0.250,602.32,47.1,1
246.3,2,5,0.250,601.93,49.1,1
246.4,0,0,0.250,603.64,48.6,1
246.4,1,1,0.250,601.39,46.3,1
246.4,2,2,0.250,603.33,48.3,1
246.4,0,3,0.250,601.38,47.2,1
246.4,1,4,0.250,602.32,47.1,1
246.4,2,5,0.250,601.93,49.1,1
246.5,0,0,0.250,603.64,48.6,1
246.5,1,1,0.250,601.39,46.3,1
246.5,2,2,0.250,603.33,48.3,1
246.5,0,3,0.250,601.38,47.2,1
246.5,1,4,0.250,602.32,47.1,1
246.5,2,5,0.250,601.93,49.1,1
246.6,0,0,0.250,603.64,48.6,1
246.6,1,1,0.250,601.39,46.3,1
246.6,2,2,0.250,603.33,48.3,1
246.6,0,3,0.250,601.38,47.2,1
246.6,1,4,0.250,602.32,47.1,1
246.6,2,5,0.250,601.93,49.1,1
246.7,0,0,0.250,603.64,48.6,1
246.7,1,1,0.250,601.39,46.3,1
246.7,2,2,0.250,603.33,48.3,1
246.7,0,3,0.250,601.38,47.2,1
246.7,1,4,0.250,602.32,47.1,1
246.7,2,5,0.250,601.93,49.1,1
246.8,0,0,0.250,603.64,48.6,1
246.8,1,1,0.250,601.39,46.3,1
246.8,2,2,0.250,603.33,48.3,1
246.8,0,3,0.250,601.38,47.2,1
246.8,1,4,0.250,602.32,47.1,1
246.8,2,5,0.250,601.93,49.1,1
246.9,0,0,0.250,603.64,48.6,1
246.9,1,1,0.250,601.39,46.3,1
246.9,2,2,0.250,603.33,48.3,1
246.9,0,3,0.250,601.38,47.2,1
246.9,1,4,0.250,602.32,47.1,1
246.9,2,5,0.250,601.93,49.1,1
247.0,0,0,0.250,603.64,48.6,1
247.0,1,1,0.250,601.39,46.3,1
247.0,2,2,0.250,603.33,48.3,1
247.0,0,3,0.250,601.38,47.2,1
247.0,1,4,0.250,602.32,47.1,1
247.0,2,5,0.250,601.93,49.1,1
247.1,0,0,0.250,603.64,48.6,1
247.1,1,1,0.250,601.39,46.3,1
247.1,2,2,0.250,603.33,48.3,1
247.1,0,3,0.250,601.38,47.2,1
247.1,1,4,0.250,602.32,47.1,1
247.1,2,5,0.250,601.93,49.1,1
247.2,0,0,0.250,603.64,48.6,1
247.2,1,1,0.250,601.39,46.3,1
247.2,2,2,0.250,603.33,48.3,1
247.2,0,3,0.250,601.38,47.2,1
247.2,1,4,0.250,602.32,47.1,1
247.2,2,5,0.250,601.93,49.1,1
247.3,0,0,0.250,603.64,48.6,1
247.3,1,1,0.250,601.39,46.3,1
247.3,2,2,0.250,603.33,48.3,1
247.3,0,3,0.250,601.38,47.2,1
247.3,1,4,0.250,602.32,47.1,1
247.3,2,5,0.250,601.93,49.1,1
247.4,0,0,0.250,603.64,48.6,1
247.4,1,1,0.250,601.39,46.3,1
247.4,2,2,0.250,603.33,48.3,1
247.4,0,3,0.250,601.38,47.2,1
247.4,1,4,0.250,602.32,47.1,1
247.4,2,5,0.250,601.93,49.1,1
247.5,0,0,0.250,603.64,48.6,1
247.5,1,1,0.250,601.39,46.3,1
247.5,2,2,0.250,603.33,48.3,1
247.5,0,3,0.250,601.38,47.2,1
247.5,1,4,0.250,602.32,47.1,1
247.5,2,5,0.250,601.93,49.1,1
247.6,0,0,0.250,603.64,48.6,1
247.6,1,1,0.250,601.39,46.3,1
247.6,2,2,0.250,603.33,48.3,1
247.6,0,3,0.250,601.38,47.2,1
247.6,1,4,0.250,602.32,47.1,1
247.6,2,5,0.250,601.93,49.1,1
247.7,0,0,0.250,603.64,48.6,1
247.7,1,1,0.250,601.39,46.3,1
247.7,2,2,0.250,603.33,48.3,1
247.7,0,3,0.250,601.38,47.2,1
247.7,1,4,0.250,602.32,47.1,1
247.7,2,5,0.250,601.93,49.1,1
247.8,0,0,0.250,603.64,48.6,1
247.8,1,1,0.250,601.39,46.3,1
247.8,2,2,0.250,603.33,48.3,1
247.8,0,3,0.250,601.38,47.2,1
247.8,1,4,0.250,602.32,47.1,1
247.8,2,5,0.250,601.93,49.1,1
247.9,0,0,0.250,603.64,48.6,1
247.9,1,1,0.250,601.39,46.3,1
247.9,2,2,0.250,603.33,48.3,1
247.9,0,3,0.250,601.38,47.2,1
247.9,1,4,0.250,602.32,47.1,1
247.9,2,5,0.250,601.93,49.1,1
248.0,0,0,0.250,603.64,48.6,1
248.0,1,1,0.250,601.39,46.3,1
248.0,2,2,0.250,603.33,48.3,1
248.0,0,3,0.250,601.38,47.2,1
248.0,1,4,0.250,602.32,47.1,1
248.0,2,5,0.250,601.93,49.1,1
248.1,0,0,0.250,603.64,48.6,1
248.1,1,1,0.250,601.39,46.3,1
248.1,2,2,0.250,603.33,48.3,1
248.1,0,3,0.250,601.38,47.2,1
248.1,1,4,0.250,602.32,47.1,1
248.1,2,5,0.250,601.93,49.1,1
248.2,0,0,0.250,603.64,48.6,1
248.2,1,1,0.250,601.39,46.3,1
248.2,2,2,0.250,603.33,48.3,1
248.2,0,3,0.250,601.38,47.2,1
248.2,1,4,0.250,602.32,47.1,1
248.2,2,5,0.250,601.93,49.1,1
248.3,0,0,0.250,603.64,48.6,1
248.3,1,1,0.250,601.39,46.3,1
248.3,2,2,0.250,603.33,48.3,1
248.3,0,3,0.250,601.38,47.2,1
248.3,1,4,0.250,602.32,47.1,1
248.3,2,5,0.250,601.93,49.1,1
248.4,0,0,0.250,603.64,48.6,1
248.4,1,1,0.250,601.39,46.3,1
248.4,2,2,0.250,603.33,48.3,1
248.4,0,3,0.250,601.38,47.2,1
248.4,1,4,0.250,602.32,47.1,1
248.4,2,5,0.250,601.93,49.1,1
248.5,0,0,0.250,603.64,48.6,1
248.5,1,1,0.250,601.39,46.3,1
248.5,2,2,0.250,603.33,48.3,1
248.5,0,3,0.250,601.38,47.2,1
248.5,1,4,0.250,602.32,47.1,1
248.5,2,5,0.250,601.93,49.1,1
248.6,0,0,0.250,603.64,48.6,1
248.6,1,1,0.250,601.39,46.3,1
248.6,2,2,0.250,603.33,48.3,1
248.6,0,3,0.250,601.38,47.2,1
248.6,1,4,0.250,602.32,47.1,1
248.6,2,5,0.250,601.93,49.1,1
248.7,0,0,0.250,603.64,48.6,1
248.7,1,1,0.250,601.39,46.3,1
248.7,2,2,0.250,603.33,48.3,1
248.7,0,3,0.250,601.38,47.2,1
248.7,1,4,0.250,602.32,47.1,1
248.7,2,5,0.250,601.93,49.1,1
248.8,0,0,0.250,603.64,48.6,1
248.8,1,1,0.250,601.39,46.3,1
248.8,2,2,0.250,603.33,48.3,1
248.8,0,3,0.250,601.38,47.2,1
248.8,1,4,0.250,602.32,47.1,1
248.8,2,5,0.250,601.93,49.1,1
248.9,0,0,0.250,603.64,48.6,1
248.9,1,1,0.250,601.39,46.3,1
248.9,2,2,0.250,603.33,48.3,1
248.9,0,3,0.250,601.38,47.2,1
248.9,1,4,0.250,602.32,47.1,1
248.9,2,5,0.250,601.93,49.1,1
249.0,0,0,0.250,603.64,48.6,1
249.0,1,1,0.250,601.39,46.3,1
249.0,2,2,0.250,603.33,48.3,1
249.0,0,3,0.250,601.38,47.2,1
249.0,1,4,0.250,602.32,47.1,1
249.0,2,5,0.250,601.93,49.1,1
249.1,0,0,0.250,603.64,48.6,1
249.1,1,1,0.250,601.39,46.3,1
249.1,2,2,0.250,603.33,48.3,1
249.1,0,3,0.250,601.38,47.2,1
249.1,1,4,0.250,602.32,47.1,1
249.1,2,5,0.250,601.93,49.1,1
249.2,0,0,0.250,603.64,48.6,1
249.2,1,1,0.250,601.39,46.3,1
249.2,2,2,0.250,603.33,48.3,1
249.2,0,3,0.250,601.38,47.2,1
249.2,1,4,0.250,602.32,47.1,1
249.2,2,5,0.250,601.93,49.1,1
249.3,0,0,0.250,603.64,48.6,1
249.3,1,1,0.250,601.39,46.3,1
249.3,2,2,0.250,603.33,48.3,1
249.3,0,3,0.250,601.38,47.2,1
249.3,1,4,0.250,602.32,47.1,1
249.3,2,5,0.250,601.93,49.1,1
249.4,0,0,0.250,603.64,48.6,1
249.4,1,1,0.250,601.39,46.3,1
249.4,2,2,0.250,603.33,48.3,1
249.4,0,3,0.250,601.38,47.2,1
249.4,1,4,0.250,602.32,47.1,1
249.4,2,5,0.250,601.93,49.1,1
249.5,0,0,0.250,603.64,48.6,1
249.5,1,1,0.250,601.39,46.3,1
249.5,2,2,0.250,603.33,48.3,1
249.5,0,3,0.250,601.38,47.2,1
249.5,1,4,0.250,602.32,47.1,1
249.5,2,5,0.250,601.93,49.1,1
249.6,0,0,0.250,603.64,48.6,1
249.6,1,1,0.250,601.39,46.3,1
249.6,2,2,0.250,603.33,48.3,1
249.6,0,3,0.250,601.38,47.2,1
249.6,1,4,0.250,602.32,47.1,1
249.6,2,5,0.250,601.93,49.1,1
249.7,0,0,0.250,603.64,48.6,1
249.7,1,1,0.250,601.39,46.3,1
249.7,2,2,0.250,603.33,48.3,1
249.7,0,3,0.250,601.38,47.2,1
249.7,1,4,0.250,602.32,47.1,1
249.7,2,5,0.250,601.93,49.1,1
249.8,0,0,0.250,603.64,48.6,1
249.8,1,1,0.250,601.39,46.3,1
249.8,2,2,0.250,603.33,48.3,1
249.8,0,3,0.250,601.38,47.2,1
249.8,1,4,0.250,602.32,47.1,1
249.8,2,5,0.250,601.93,49.1,1
249.9,0,0,0.250,603.64,48.6,1
249.9,1,1,0.250,601.39,46.3,1
249.9,2,2,0.250,603.33,48.3,1
249.9,0,3,0.250,601.38,47.2,1
249.9,1,4,0.250,602.32,47.1,1
249.9,2,5,0.250,601.93,49.1,1
250.0,0,0,0.250,603.64,48.6,1
250.0,1,1,0.250,601.39,46.3,1
250.0,2,2,0.250,603.33,48.3,1
250.0,0,3,0.250,601.38,47.2,1
250.0,1,4,0.250,602.32,47.1,1
250.0,2,5,0.250,601.93,49.1,1
250.1,0,0,0.250,603.64,48.6,1
250.1,1,1,0.250,601.39,46.3,1
250.1,2,2,0.250,603.33,48.3,1
250.1,0,3,0.250,601.38,47.2,1
250.1,1,4,0.250,602.32,47.1,1
250.1,2,5,0.250,601.93,49.1,1
250.2,0,0,0.250,603.64,48.6,1
250.2,1,1,0.250,601.39,46.3,1
250.2,2,2,0.250,603.33,48.3,1
250.2,0,3,0.250,601.38,47.2,1
250.2,1,4,0.250,602.32,47.1,1
250.2,2,5,0.250,601.93,49.1,1
250.3,0,0,0.250,603.64,48.6,1
250.3,1,1,0.250,601.39,46.3,1
250.3,2,2,0.250,603.33,48.3,1
250.3,0,3,0.250,601.38,47.2,1
250.3,1,4,0.250,602.32,47.1,1
250.3,2,5,0.250,601.93,49.1,1
250.4,0,0,0.250,603.64,48.6,1
250.4,1,1,0.250,601.39,46.3,1
250.4,2,2,0.250,603.33,48.3,1
250.4,0,3,0.250,601.38,47.2,1
250.4,1,4,0.250,602.32,47.1,1
250.4,2,5,0.250,601.93,49.1,1
250.5,0,0,0.250,603.64,48.6,1
250.5,1,1,0.250,601.39,46.3,1
250.5,2,2,0.250,603.33,48.3,1
250.5,0,3,0.250,601.38,47.2,1
250.5,1,4,0.250,602.32,47.1,1
250.5,2,5,0.250,601.93,49.1,1
250.6,0,0,0.250,603.64,48.6,1
250.6,1,1,0.250,601.39,46.3,1
250.6,2,2,0.250,603.33,48.3,1
250.6,0,3,0.250,601.38,47.2,1
250.6,1,4,0.250,602.32,47.1,1
250.6,2,5,0.250,601.93,49.1,1
250.7,0,0,0.250,603.64,48.6,1
250.7,1,1,0.250,601.39,46.3,1
250.7,2,2,0.250,603.33,48.3,1
250.7,0,3,0.250,601.38,47.2,1
250.7,1,4,0.250,602.32,47.1,1
250.7,2,5,0.250,601.93,49.1,1
250.8,0,0,0.250,603.64,48.6,1
250.8,1,1,0.250,601.39,46.3,1
250.8,2,2,0.250,603.33,48.3,1
250.8,0,3,0.250,601.38,47.2,1
250.8,1,4,0.250,602.32,47.1,1
250.8,2,5,0.250,601.93,49.1,1
250.9,0,0,0.250,603.64,48.6,1
250.9,1,1,0.250,601.39,46.3,1
250.9,2,2,0.250,603.33,48.3,1
250.9,0,3,0.250,601.38,47.2,1
250.9,1,4,0.250,602.32,47.1,1
250.9,2,5,0.250,601.93,49.1,1
251.0,0,0,0.250,603.64,48.6,1
251.0,1,1,0.250,601.39,46.3,1
251.0,2,2,0.250,603.33,48.3,1
251.0,0,3,0.250,601.38,47.2,1
251.0,1,4,0.250,602.32,47.1,1
251.0,2,5,0.250,601.93,49.1,1
251.1,0,0,0.250,603.64,48.6,1
251.1,1,1,0.250,601.39,46.3,1
251.1,2,2,0.250,603.33,48.3,1
251.1,0,3,0.250,601.38,47.2,1
251.1,1,4,0.250,602.32,47.1,1
251.1,2,5,0.250,601.93,49.1,1
251.2,0,0,0.250,603.64,48.6,1
251.2,1,1,0.250,601.39,46.3,1
251.2,2,2,0.250,603.33,48.3,1
251.2,0,3,0.250,601.38,47.2,1
251.2,1,4,0.250,602.32,47.1,1
251.2,2,5,0.250,601.93,49.1,1
251.3,0,0,0.250,603.64,48.6,1
251.3,1,1,0.250,601.39,46.3,1
251.3,2,2,0.250,603.33,48.3,1
251.3,0,3,0.250,601.38,47.2,1
251.3,1,4,0.250,602.32,47.1,1
251.3,2,5,0.250,601.93,49.1,1
251.4,0,0,0.250,603.64,48.6,1
251.4,1,1,0.250,601.39,46.3,1
251.4,2,2,0.250,603.33,48.3,1
251.4,0,3,0.250,601.38,47.2,1
251.4,1,4,0.250,602.32,47.1,1
251.4,2,5,0.250,601.93,49.1,1
251.5,0,0,0.250,603.64,48.6,1
251.5,1,1,0.250,601.39,46.3,1
251.5,2,2,0.250,603.33,48.3,1
251.5,0,3,0.250,601.38,47.2,1
251.5,1,4,0.250,602.32,47.1,1
251.5,2,5,0.250,601.93,49.1,1
251.6,0,0,0.250,603.64,48.6,1
251.6,1,1,0.250,601.39,46.3,1
251.6,2,2,0.250,603.33,48.3,1
251.6,0,3,0.250,601.38,47.2,1
251.6,1,4,0.250,602.32,47.1,1
251.6,2,5,0.250,601.93,49.1,1
251.7,0,0,0.250,603.64,48.6,1
251.7,1,1,0.250,601.39,46.3,1
251.7,2,2,0.250,603.33,48.3,1
251.7,0,3,0.250,601.38,47.2,1
251.7,1,4,0.250,602.32,47.1,1
251.7,2,5,0.250,601.93,49.1,1
251.8,0,0,0.250,603.64,48.6,1
251.8,1,1,0.250,601.39,46.3,1
251.8,2,2,0.250,603.33,48.3,1
251.8,0,3,0.250,601.38,47.2,1
251.8,1,4,0.250,602.32,47.1,1
251.8,2,5,0.250,601.93,49.1,1
251.9,0,0,0.250,603.64,48.6,1
251.9,1,1,0.250,601.39,46.3,1
251.9,2,2,0.250,603.33,48.3,1
251.9,0,3,0.250,601.38,47.2,1
251.9,1,4,0.250,602.32,47.1,1
251.9,2,5,0.250,601.93,49.1,1
252.0,0,0,0.250,603.64,48.6,1
252.0,1,1,0.250,601.39,46.3,1
252.0,2,2,0.250,603.33,48.3,1
252.0,0,3,0.250,601.38,47.2,1
252.0,1,4,0.250,602.32,47.1,1
252.0,2,5,0.250,601.93,49.1,1
252.1,0,0,0.250,603.64,48.6,1
252.1,1,1,0.250,601.39,46.3,1
252.1,2,2,0.250,603.33,48.3,1
252.1,0,3,0.250,601.38,47.2,1
252.1,1,4,0.250,602.32,47.1,1
252.1,2,5,0.250,601.93,49.1,1
252.2,0,0,0.250,603.64,48.6,1
252.2,1,1,0.250,601.39,46.3,1
252.2,2,2,0.250,603.33,48.3,1
252.2,0,3,0.250,601.38,47.2,1
252.2,1,4,0.250,602.32,47.1,1
252.2,2,5,0.250,601.93,49.1,1
252.3,0,0,0.250,603.64,48.6,1
252.3,1,1,0.250,601.39,46.3,1
252.3,2,2,0.250,603.33,48.3,1
252.3,0,3,0.250,601.38,47.2,1
252.3,1,4,0.250,602.32,47.1,1
252.3,2,5,0.250,601.93,49.1,1
252.4,0,0,0.250,603.64,48.6,1
252.4,1,1,0.250,601.39,46.3,1
252.4,2,2,0.250,603.33,48.3,1
252.4,0,3,0.250,601.38,47.2,1
252.4,1,4,0.250,602.32,47.1,1
252.4,2,5,0.250,601.93,49.1,1
252.5,0,0,0.250,603.64,48.6,1
252.5,1,1,0.250,601.39,46.3,1
252.5,2,2,0.250,603.33,48.3,1
252.5,0,3,0.250,601.38,47.2,1
252.5,1,4,0.250,602.32,47.1,1
252.5,2,5,0.250,601.93,49.1,1
252.6,0,0,0.250,603.64,48.6,1
252.6,1,1,0.250,601.39,46.3,1
252.6,2,2,0.250,603.33,48.3,1
252.6,0,3,0.250,601.38,47.2,1
252.6,1,4,0.250,602.32,47.1,1
252.6,2,5,0.250,601.93,49.1,1
252.7,0,0,0.250,603.64,48.6,1
252.7,1,1,0.250,601.39,46.3,1
252.7,2,2,0.250,603.33,48.3,1
252.7,0,3,0.250,601.38,47.2,1
252.7,1,4,0.250,602.32,47.1,1
252.7,2,5,0.250,601.93,49.1,1
252.8,0,0,0.250,603.64,48.6,1
252.8,1,1,0.250,601.39,46.3,1
252.8,2,2,0.250,603.33,48.3,1
252.8,0,3,0.250,601.38,47.2,1
252.8,1,4,0.250,602.32,47.1,1
252.8,2,5,0.250,601.93,49.1,1
252.9,0,0,0.250,603.64,48.6,1
252.9,1,1,0.250,601.39,46.3,1
252.9,2,2,0.250,603.33,48.3,1
252.9,0,3,0.250,601.38,47.2,1
252.9,1,4,0.250,602.32,47.1,1
252.9,2,5,0.250,601.93,49.1,1
253.0,0,0,0.250,603.64,48.6,1
253.0,1,1,0.250,601.39,46.3,1
253.0,2,2,0.250,603.33,48.3,1
253.0,0,3,0.250,601.38,47.2,1
253.0,1,4,0.250,602.32,47.1,1
253.0,2,5,0.250,601.93,49.1,1
253.1,0,0,0.250,603.64,48.6,1
253.1,1,1,0.250,601.39,46.3,1
253.1,2,2,0.250,603.33,48.3,1
253.1,0,3,0.250,601.38,47.2,1
253.1,1,4,0.250,602.32,47.1,1
253.1,2,5,0.250,601.93,49.1,1
253.2,0,0,0.250,603.64,48.6,1
253.2,1,1,0.250,601.39,46.3,1
253.2,2,2,0.250,603.33,48.3,1
253.2,0,3,0.250,601.38,47.2,1
253.2,1,4,0.250,602.32,47.1,1
253.2,2,5,0.250,601.93,49.1,1
253.3,0,0,0.250,603.64,48.6,1
253.3,1,1,0.250,601.39,46.3,1
253.3,2,2,0.250,603.33,48.3,1
253.3,0,3,0.250,601.38,47.2,1
253.3,1,4,0.250,602.32,47.1,1
253.3,2,5,0.250,601.93,49.1,1
253.4,0,0,0.250,603.64,48.6,1
253.4,1,1,0.250,601.39,46.3,1
253.4,2,2,0.250,603.33,48.3,1
253.4,0,3,0.250,601.38,47.2,1
253.4,1,4,0.250,602.32,47.1,1
253.4,2,5,0.250,601.93,49.1,1
253.5,0,0,0.250,603.64,48.6,1
253.5,1,1,0.250,601.39,46.3,1
253.5,2,2,0.250,603.33,48.3,1
253.5,0,3,0.250,601.38,47.2,1
253.5,1,4,0.250,602.32,47.1,1
253.5,2,5,0.250,601.93,49.1,1
253.6,0,0,0.250,603.64,48.6,1
253.6,1,1,0.250,601.39,46.3,1
253.6,2,2,0.250,603.33,48.3,1
253.6,0,3,0.250,601.38,47.2,1
253.6,1,4,0.250,602.32,47.1,1
253.6,2,5,0.250,601.93,49.1,1
253.7,0,0,0.250,603.64,48.6,1
253.7,1,1,0.250,601.39,46.3,1
253.7,2,2,0.250,603.33,48.3,1
253.7,0,3,0.250,601.38,47.2,1
253.7,1,4,0.250,602.32,47.1,1
253.7,2,5,0.250,601.93,49.1,1
253.8,0,0,0.250,603.64,48.6,1
253.8,1,1,0.250,601.39,46.3,1
253.8,2,2,0.250,603.33,48.3,1
253.8,0,3,0.250,601.38,47.2,1
253.8,1,4,0.250,602.32,47.1,1
253.8,2,5,0.250,601.93,49.1,1
253.9,0,0,0.250,603.64,48.6,1
253.9,1,1,0.250,601.39,46.3,1
253.9,2,2,0.250,603.33,48.3,1
253.9,0,3,0.250,601.38,47.2,1
253.9,1,4,0.250,602.32,47.1,1
253.9,2,5,0.250,601.93,49.1,1
254.0,0,0,0.250,603.64,48.6,1
254.0,1,1,0.250,601.39,46.3,1
254.0,2,2,0.250,603.33,48.3,1
254.0,0,3,0.250,601.38,47.2,1
254.0,1,4,0.250,602.32,47.1,1
254.0,2,5,0.250,601.93,49.1,1
254.1,0,0,0.250,603.64,48.6,1
254.1,1,1,0.250,601.39,46.3,1
254.1,2,2,0.250,603.33,48.3,1
254.1,0,3,0.250,601.38,47.2,1
254.1,1,4,0.250,602.32,47.1,1
254.1,2,5,0.250,601.93,49.1,1
254.2,0,0,0.250,603.64,48.6,1
254.2,1,1,0.250,601.39,46.3,1
254.2,2,2,0.250,603.33,48.3,1
254.2,0,3,0.250,601.38,47.2,1
254.2,1,4,0.250,602.32,47.1,1
254.2,2,5,0.250,601.93,49.1,1
254.3,0,0,0.250,603.64,48.6,1
254.3,1,1,0.250,601.39,46.3,1
254.3,2,2,0.250,603.33,48.3,1
254.3,0,3,0.250,601.38,47.2,1
254.3,1,4,0.250,602.32,47.1,1
254.3,2,5,0.250,601.93,49.1,1
254.4,0,0,0.250,603.64,48.6,1
254.4,1,1,0.250,601.39,46.3,1
254.4,2,2,0.250,603.33,48.3,1
254.4,0,3,0.250,601.38,47.2,1
254.4,1,4,0.250,602.32,47.1,1
254.4,2,5,0.250,601.93,49.1,1
254.5,0,0,0.250,603.64,48.6,1
254.5,1,1,0.250,601.39,46.3,1
254.5,2,2,0.250,603.33,48.3,1
254.5,0,3,0.250,601.38,47.2,1
254.5,1,4,0.250,602.32,47.1,1
254.5,2,5,0.250,601.93,49.1,1
254.6,0,0,0.250,603.64,48.6,1
254.6,1,1,0.250,601.39,46.3,1
254.6,2,2,0.250,603.33,48.3,1
254.6,0,3,0.250,601.38,47.2,1
254.6,1,4,0.250,602.32,47.1,1
254.6,2,5,0.250,601.93,49.1,1
254.7,0,0,0.250,603.64,48.6,1
254.7,1,1,0.250,601.39,46.3,1
254.7,2,2,0.250,603.33,48.3,1
254.7,0,3,0.250,601.38,47.2,1
254.7,1,4,0.250,602.32,47.1,1
254.7,2,5,0.250,601.93,49.1,1
254.8,0,0,0.250,603.64,48.6,1
254.8,1,1,0.250,601.39,46.3,1
254.8,2,2,0.250,603.33,48.3,1
254.8,0,3,0.250,601.38,47.2,1
254.8,1,4,0.250,602.32,47.1,1
254.8,2,5,0.250,601.93,49.1,1
254.9,0,0,0.250,603.64,48.6,1
254.9,1,1,0.250,601.39,46.3,1
254.9,2,2,0.250,603.33,48.3,1
254.9,0,3,0.250,601.38,47.2,1
254.9,1,4,0.250,602.32,47.1,1
254.9,2,5,0.250,601.93,49.1,1
255.0,0,0,0.250,603.64,48.6,1
255.0,1,1,0.250,601.39,46.3,1
255.0,2,2,0.250,603.33,48.3,1
255.0,0,3,0.250,601.38,47.2,1
255.0,1,4,0.250,602.32,47.1,1
255.0,2,5,0.250,601.93,49.1,1
255.1,0,0,0.250,603.64,48.6,1
255.1,1,1,0.250,601.39,46.3,1
255.1,2,2,0.250,603.33,48.3,1
255.1,0,3,0.250,601.38,47.2,1
255.1,1,4,0.250,602.32,47.1,1
255.1,2,5,0.250,601.93,49.1,1
255.2,0,0,0.250,603.64,48.6,1
255.2,1,1,0.250,601.39,46.3,1
255.2,2,2,0.250,603.33,48.3,1
255.2,0,3,0.250,601.38,47.2,1
255.2,1,4,0.250,602.32,47.1,1
255.2,2,5,0.250,601.93,49.1,1
255.3,0,0,0.250,603.64,48.6,1
255.3,1,1,0.250,601.39,46.3,1
255.3,2,2,0.250,603.33,48.3,1
255.3,0,3,0.250,601.38,47.2,1
255.3,1,4,0.250,602.32,47.1,1
255.3,2,5,0.250,601.93,49.1,1
255.4,0,0,0.250,603.64,48.6,1
255.4,1,1,0.250,601.39,46.3,1
255.4,2,2,0.250,603.33,48.3,1
255.4,0,3,0.250,601.38,47.2,1
255.4,1,4,0.250,602.32,47.1,1
255.4,2,5,0.250,601.93,49.1,1
255.5,0,0,0.250,603.64,48.6,1
255.5,1,1,0.250,601.39,46.3,1
255.5,2,2,0.250,603.33,48.3,1
255.5,0,3,0.250,601.38,47.2,1
255.5,1,4,0.250,602.32,47.1,1
255.5,2,5,0.250,601.93,49.1,1
255.6,0,0,0.250,603.64,48.6,1
255.6,1,1,0.250,601.39,46.3,1
255.6,2,2,0.250,603.33,48.3,1
255.6,0,3,0.250,601.38,47.2,1
255.6,1,4,0.250,602.32,47.1,1
255.6,2,5,0.250,601.93,49.1,1
255.7,0,0,0.250,603.64,48.6,1
255.7,1,1,0.250,601.39,46.3,1
255.7,2,2,0.250,603.33,48.3,1
255.7,0,3,0.250,601.38,47.2,1
255.7,1,4,0.250,602.32,47.1,1
255.7,2,5,0.250,601.93,49.1,1
255.8,0,0,0.250,603.64,48.6,1
255.8,1,1,0.250,601.39,46.3,1
255.8,2,2,0.250,603.33,48.3,1
255.8,0,3,0.250,601.38,47.2,1
255.8,1,4,0.250,602.32,47.1,1
255.8,2,5,0.250,601.93,49.1,1
255.9,0,0,0.250,603.64,48.6,1
255.9,1,1,0.250,601.39,46.3,1
255.9,2,2,0.250,603.33,48.3,1
255.9,0,3,0.250,601.38,47.2,1
255.9,1,4,0.250,602.32,47.1,1
255.9,2,5,0.250,601.93,49.1,1
256.0,0,0,0.250,603.64,48.6,1
256.0,1,1,0.250,601.39,46.3,1
256.0,2,2,0.250,603.33,48.3,1
256.0,0,3,0.250,601.38,47.2,1
256.0,1,4,0.250,602.32,47.1,1
256.0,2,5,0.250,601.93,49.1,1
256.1,0,0,0.250,603.64,48.6,1
256.1,1,1,0.250,601.39,46.3,1
256.1,2,2,0.250,603.33,48.3,1
256.1,0,3,0.250,601.38,47.2,1
256.1,1,4,0.250,602.32,47.1,1
256.1,2,5,0.250,601.93,49.1,1
256.2,0,0,0.250,603.64,48.6,1
256.2,1,1,0.250,601.39,46.3,1
256.2,2,2,0.250,603.33,48.3,1
256.2,0,3,0.250,601.38,47.2,1
256.2,1,4,0.250,602.32,47.1,1
256.2,2,5,0.250,601.93,49.1,1
256.3,0,0,0.250,603.64,48.6,1
256.3,1,1,0.250,601.39,46.3,1
256.3,2,2,0.250,603.33,48.3,1
256.3,0,3,0.250,601.38,47.2,1
256.3,1,4,0.250,602.32,47.1,1
256.3,2,5,0.250,601.93,49.1,1
256.4,0,0,0.250,603.64,48.6,1
256.4,1,1,0.250,601.39,46.3,1
256.4,2,2,0.250,603.33,48.3,1
256.4,0,3,0.250,601.38,47.2,1
256.4,1,4,0.250,602.32,47.1,1
256.4,2,5,0.250,601.93,49.1,1
256.5,0,0,0.250,603.64,48.6,1
256.5,1,1,0.250,601.39,46.3,1
256.5,2,2,0.250,603.33,48.3,1
256.5,0,3,0.250,601.38,47.2,1
256.5,1,4,0.250,602.32,47.1,1
256.5,2,5,0.250,601.93,49.1,1
256.6,0,0,0.250,603.64,48.6,1
256.6,1,1,0.250,601.39,46.3,1
256.6,2,2,0.250,603.33,48.3,1
256.6,0,3,0.250,601.38,47.2,1
256.6,1,4,0.250,602.32,47.1,1
256.6,2,5,0.250,601.93,49.1,1
256.7,0,0,0.250,603.64,48.6,1
256.7,1,1,0.250,601.39,46.3,1
256.7,2,2,0.250,603.33,48.3,1
256.7,0,3,0.250,601.38,47.2,1
256.7,1,4,0.250,602.32,47.1,1
256.7,2,5,0.250,601.93,49.1,1
256.8,0,0,0.250,603.64,48.6,1
256.8,1,1,0.250,601.39,46.3,1
256.8,2,2,0.250,603.33,48.3,1
256.8,0,3,0.250,601.38,47.2,1
256.8,1,4,0.250,602.32,47.1,1
256.8,2,5,0.250,601.93,49.1,1
256.9,0,0,0.250,603.64,48.6,1
256.9,1,1,0.250,601.39,46.3,1
256.9,2,2,0.250,603.33,48.3,1
256.9,0,3,0.250,601.38,47.2,1
256.9,1,4,0.250,602.32,47.1,1
256.9,2,5,0.250,601.93,49.1,1
257.0,0,0,0.250,603.64,48.6,1
257.0,1,1,0.250,601.39,46.3,1
257.0,2,2,0.250,603.33,48.3,1
257.0,0,3,0.250,601.38,47.2,1
257.0,1,4,0.250,602.32,47.1,1
257.0,2,5,0.250,601.93,49.1,1
257.1,0,0,0.250,603.64,48.6,1
257.1,1,1,0.250,601.39,46.3,1
257.1,2,2,0.250,603.33,48.3,1
257.1,0,3,0.250,601.38,47.2,1
257.1,1,4,0.250,602.32,47.1,1
257.1,2,5,0.250,601.93,49.1,1
257.2,0,0,0.250,603.64,48.6,1
257.2,1,1,0.250,601.39,46.3,1
257.2,2,2,0.250,603.33,48.3,1
257.2,0,3,0.250,601.38,47.2,1
257.2,1,4,0.250,602.32,47.1,1
257.2,2,5,0.250,601.93,49.1,1
257.3,0,0,0.250,603.64,48.6,1
257.3,1,1,0.250,601.39,46.3,1
257.3,2,2,0.250,603.33,48.3,1
257.3,0,3,0.250,601.38,47.2,1
257.3,1,4,0.250,602.32,47.1,1
257.3,2,5,0.250,601.93,49.1,1
257.4,0,0,0.250,603.64,48.6,1
257.4,1,1,0.250,601.39,46.3,1
257.4,2,2,0.250,603.33,48.3,1
257.4,0,3,0.250,601.38,47.2,1
257.4,1,4,0.250,602.32,47.1,1
257.4,2,5,0.250,601.93,49.1,1
257.5,0,0,0.250,603.64,48.6,1
257.5,1,1,0.250,601.39,46.3,1
257.5,2,2,0.250,603.33,48.3,1
257.5,0,3,0.250,601.38,47.2,1
257.5,1,4,0.250,602.32,47.1,1
257.5,2,5,0.250,601.93,49.1,1
257.6,0,0,0.250,603.64,48.6,1
257.6,1,1,0.250,601.39,46.3,1
257.6,2,2,0.250,603.33,48.3,1
257.6,0,3,0.250,601.38,47.2,1
257.6,1,4,0.250,602.32,47.1,1
257.6,2,5,0.250,601.93,49.1,1
257.7,0,0,0.250,603.64,48.6,1
257.7,1,1,0.250,601.39,46.3,1
257.7,2,2,0.250,603.33,48.3,1
257.7,0,3,0.250,601.38,47.2,1
257.7,1,4,0.250,602.32,47.1,1
257.7,2,5,0.250,601.93,49.1,1
257.8,0,0,0.250,603.64,48.6,1
257.8,1,1,0.250,601.39,46.3,1
257.8,2,2,0.250,603.33,48.3,1
257.8,0,3,0.250,601.38,47.2,1
257.8,1,4,0.250,602.32,47.1,1
257.8,2,5,0.250,601.93,49.1,1
257.9,0,0,0.250,603.64,48.6,1
257.9,1,1,0.250,601.39,46.3,1
257.9,2,2,0.250,603.33,48.3,1
257.9,0,3,0.250,601.38,47.2,1
257.9,1,4,0.250,602.32,47.1,1
257.9,2,5,0.250,601.93,49.1,1
258.0,0,0,0.250,603.64,48.6,1
258.0,1,1,0.250,601.39,46.3,1
258.0,2,2,0.250,603.33,48.3,1
258.0,0,3,0.250,601.38,47.2,1
258.0,1,4,0.250,602.32,47.1,1
258.0,2,5,0.250,601.93,49.1,1
258.1,0,0,0.250,603.64,48.6,1
258.1,1,1,0.250,601.39,46.3,1
258.1,2,2,0.250,603.33,48.3,1
258.1,0,3,0.250,601.38,47.2,1
258.1,1,4,0.250,602.32,47.1,1
258.1,2,5,0.250,601.93,49.1,1
258.2,0,0,0.250,603.64,48.6,1
258.2,1,1,0.250,601.39,46.3,1
258.2,2,2,0.250,603.33,48.3,1
258.2,0,3,0.250,601.38,47.2,1
258.2,1,4,0.250,602.32,47.1,1
258.2,2,5,0.250,601.93,49.1,1
258.3,0,0,0.250,603.64,48.6,1
258.3,1,1,0.250,601.39,46.3,1
258.3,2,2,0.250,603.33,48.3,1
258.3,0,3,0.250,601.38,47.2,1
258.3,1,4,0.250,602.32,47.1,1
258.3,2,5,0.250,601.93,49.1,1
258.4,0,0,0.250,603.64,48.6,1
258.4,1,1,0.250,601.39,46.3,1
258.4,2,2,0.250,603.33,48.3,1
258.4,0,3,0.250,601.38,47.2,1
258.4,1,4,0.250,602.32,47.1,1
258.4,2,5,0.250,601.93,49.1,1
258.5,0,0,0.250,603.64,48.6,1
258.5,1,1,0.250,601.39,46.3,1
258.5,2,2,0.250,603.33,48.3,1
258.5,0,3,0.250,601.38,47.2,1
258.5,1,4,0.250,602.32,47.1,1
258.5,2,5,0.250,601.93,49.1,1
258.6,0,0,0.250,603.64,48.6,1
258.6,1,1,0.250,601.39,46.3,1
258.6,2,2,0.250,603.33,48.3,1
258.6,0,3,0.250,601.38,47.2,1
258.6,1,4,0.250,602.32,47.1,1
258.6,2,5,0.250,601.93,49.1,1
258.7,0,0,0.250,603.64,48.6,1
258.7,1,1,0.250,601.39,46.3,1
258.7,2,2,0.250,603.33,48.3,1
258.7,0,3,0.250,601.38,47.2,1
258.7,1,4,0.250,602.32,47.1,1
258.7,2,5,0.250,601.93,49.1,1
258.8,0,0,0.250,603.64,48.6,1
258.8,1,1,0.250,601.39,46.3,1
258.8,2,2,0.250,603.33,48.3,1
258.8,0,3,0.250,601.38,47.2,1
258.8,1,4,0.250,602.32,47.1,1
258.8,2,5,0.250,601.93,49.1,1
258.9,0,0,0.250,603.64,48.6,1
258.9,1,1,0.250,601.39,46.3,1
258.9,2,2,0.250,603.33,48.3,1
258.9,0,3,0.250,601.38,47.2,1
258.9,1,4,0.250,602.32,47.1,1
258.9,2,5,0.250,601.93,49.1,1
259.0,0,0,0.250,603.64,48.6,1
259.0,1,1,0.250,601.39,46.3,1
259.0,2,2,0.250,603.33,48.3,1
259.0,0,3,0.250,601.38,47.2,1
259.0,1,4,0.250,602.32,47.1,1
259.0,2,5,0.250,601.93,49.1,1
259.1,0,0,0.250,603.64,48.6,1
259.1,1,1,0.250,601.39,46.3,1
259.1,2,2,0.250,603.33,48.3,1
259.1,0,3,0.250,601.38,47.2,1
259.1,1,4,0.250,602.32,47.1,1
259.1,2,5,0.250,601.93,49.1,1
259.2,0,0,0.250,603.64,48.6,1
259.2,1,1,0.250,601.39,46.3,1
259.2,2,2,0.250,603.33,48.3,1
259.2,0,3,0.250,601.38,47.2,1
259.2,1,4,0.250,602.32,47.1,1
259.2,2,5,0.250,601.93,49.1,1
259.3,0,0,0.250,603.64,48.6,1
259.3,1,1,0.250,601.39,46.3,1
259.3,2,2,0.250,603.33,48.3,1
259.3,0,3,0.250,601.38,47.2,1
259.3,1,4,0.250,602.32,47.1,1
259.3,2,5,0.250,601.93,49.1,1
259.4,0,0,0.250,603.64,48.6,1
259.4,1,1,0.250,601.39,46.3,1
259.4,2,2,0.250,603.33,48.3,1
259.4,0,3,0.250,601.38,47.2,1
259.4,1,4,0.250,602.32,47.1,1
259.4,2,5,0.250,601.93,49.1,1
259.5,0,0,0.250,603.64,48.6,1
259.5,1,1,0.250,601.39,46.3,1
259.5,2,2,0.250,603.33,48.3,1
259.5,0,3,0.250,601.38,47.2,1
259.5,1,4,0.250,602.32,47.1,1
259.5,2,5,0.250,601.93,49.1,1
259.6,0,0,0.250,603.64,48.6,1
259.6,1,1,0.250,601.39,46.3,1
259.6,2,2,0.250,603.33,48.3,1
259.6,0,3,0.250,601.38,47.2,1
259.6,1,4,0.250,602.32,47.1,1
259.6,2,5,0.250,601.93,49.1,1
259.7,0,0,0.250,603.64,48.6,1
259.7,1,1,0.250,601.39,46.3,1
259.7,2,2,0.250,603.33,48.3,1
259.7,0,3,0.250,601.38,47.2,1
259.7,1,4,0.250,602.32,47.1,1
259.7,2,5,0.250,601.93,49.1,1
259.8,0,0,0.250,603.64,48.6,1
259.8,1,1,0.250,601.39,46.3,1
259.8,2,2,0.250,603.33,48.3,1
259.8,0,3,0.250,601.38,47.2,1
259.8,1,4,0.250,602.32,47.1,1
259.8,2,5,0.250,601.93,49.1,1
259.9,0,0,0.250,603.64,48.6,1
259.9,1,1,0.250,601.39,46.3,1
259.9,2,2,0.250,603.33,48.3,1
259.9,0,3,0.250,601.38,47.2,1
259.9,1,4,0.250,602.32,47.1,1
259.9,2,5,0.250,601.93,49.1,1
260.0,0,0,0.250,603.64,48.6,1
260.0,1,1,0.250,601.39,46.3,1
260.0,2,2,0.250,603.33,48.3,1
260.0,0,3,0.250,601.38,47.2,1
260.0,1,4,0.250,602.32,47.1,1
260.0,2,5,0.250,601.93,49.1,1
260.1,0,0,0.250,603.64,48.6,1
260.1,1,1,0.250,601.39,46.3,1
260.1,2,2,0.250,603.33,48.3,1
260.1,0,3,0.250,601.38,47.2,1
260.1,1,4,0.250,602.32,47.1,1
260.1,2,5,0.250,601.93,49.1,1
260.2,0,0,0.250,603.64,48.6,1
260.2,1,1,0.250,601.39,46.3,1
260.2,2,2,0.250,603.33,48.3,1
260.2,0,3,0.250,601.38,47.2,1
260.2,1,4,0.250,602.32,47.1,1
260.2,2,5,0.250,601.93,49.1,1
260.3,0,0,0.250,603.64,48.6,1
260.3,1,1,0.250,601.39,46.3,1
260.3,2,2,0.250,603.33,48.3,1
260.3,0,3,0.250,601.38,47.2,1
260.3,1,4,0.250,602.32,47.1,1
260.3,2,5,0.250,601.93,49.1,1
260.4,0,0,0.250,603.64,48.6,1
260.4,1,1,0.250,601.39,46.3,1
260.4,2,2,0.250,603.33,48.3,1
260.4,0,3,0.250,601.38,47.2,1
260.4,1,4,0.250,602.32,47.1,1
260.4,2,5,0.250,601.93,49.1,1
260.5,0,0,0.250,603.64,48.6,1
260.5,1,1,0.250,601.39,46.3,1
260.5,2,2,0.250,603.33,48.3,1
260.5,0,3,0.250,601.38,47.2,1
260.5,1,4,0.250,602.32,47.1,1
260.5,2,5,0.250,601.93,49.1,1
260.6,0,0,0.250,603.64,48.6,1
260.6,1,1,0.250,601.39,46.3,1
260.6,2,2,0.250,603.33,48.3,1
260.6,0,3,0.250,601.38,47.2,1
260.6,1,4,0.250,602.32,47.1,1
260.6,2,5,0.250,601.93,49.1,1
260.7,0,0,0.250,603.64,48.6,1
260.7,1,1,0.250,601.39,46.3,1
260.7,2,2,0.250,603.33,48.3,1
260.7,0,3,0.250,601.38,47.2,1
260.7,1,4,0.250,602.32,47.1,1
260.7,2,5,0.250,601.93,49.1,1
260.8,0,0,0.250,603.64,48.6,1
260.8,1,1,0.250,601.39,46.3,1
260.8,2,2,0.250,603.33,48.3,1
260.8,0,3,0.250,601.38,47.2,1
260.8,1,4,0.250,602.32,47.1,1
260.8,2,5,0.250,601.93,49.1,1
260.9,0,0,0.250,603.64,48.6,1
260.9,1,1,0.250,601.39,46.3,1
260.9,2,2,0.250,603.33,48.3,1
260.9,0,3,0.250,601.38,47.2,1
260.9,1,4,0.250,602.32,47.1,1
260.9,2,5,0.250,601.93,49.1,1
261.0,0,0,0.250,603.64,48.6,1
261.0,1,1,0.250,601.39,46.3,1
261.0,2,2,0.250,603.33,48.3,1
261.0,0,3,0.250,601.38,47.2,1
261.0,1,4,0.250,602.32,47.1,1
261.0,2,5,0.250,601.93,49.1,1
261.1,0,0,0.250,603.64,48.6,1
261.1,1,1,0.250,601.39,46.3,1
261.1,2,2,0.250,603.33,48.3,1
261.1,0,3,0.250,601.38,47.2,1
261.1,1,4,0.250,602.32,47.1,1
261.1,2,5,0.250,601.93,49.1,1
261.2,0,0,0.250,603.64,48.6,1
261.2,1,1,0.250,601.39,46.3,1
261.2,2,2,0.250,603.33,48.3,1
261.2,0,3,0.250,601.38,47.2,1
261.2,1,4,0.250,602.32,47.1,1
261.2,2,5,0.250,601.93,49.1,1
261.3,0,0,0.250,603.64,48.6,1
261.3,1,1,0.250,601.39,46.3,1
261.3,2,2,0.250,603.33,48.3,1
261.3,0,3,0.250,601.38,47.2,1
261.3,1,4,0.250,602.32,47.1,1
261.3,2,5,0.250,601.93,49.1,1
261.4,0,0,0.250,603.64,48.6,1
261.4,1,1,0.250,601.39,46.3,1
261.4,2,2,0.250,603.33,48.3,1
261.4,0,3,0.250,601.38,47.2,1
261.4,1,4,0.250,602.32,47.1,1
261.4,2,5,0.250,601.93,49.1,1
261.5,0,0,0.250,603.64,48.6,1
261.5,1,1,0.250,601.39,46.3,1
261.5,2,2,0.250,603.33,48.3,1
261.5,0,3,0.250,601.38,47.2,1
261.5,1,4,0.250,602.32,47.1,1
261.5,2,5,0.250,601.93,49.1,1
261.6,0,0,0.250,603.64,48.6,1
261.6,1,1,0.250,601.39,46.3,1
261.6,2,2,0.250,603.33,48.3,1
261.6,0,3,0.250,601.38,47.2,1
261.6,1,4,0.250,602.32,47.1,1
261.6,2,5,0.250,601.93,49.1,1
261.7,0,0,0.250,603.64,48.6,1
261.7,1,1,0.250,601.39,46.3,1
261.7,2,2,0.250,603.33,48.3,1
261.7,0,3,0.250,601.38,47.2,1
261.7,1,4,0.250,602.32,47.1,1
261.7,2,5,0.250,601.93,49.1,1
261.8,0,0,0.250,603.64,48.6,1
261.8,1,1,0.250,601.39,46.3,1
261.8,2,2,0.250,603.33,48.3,1
261.8,0,3,0.250,601.38,47.2,1
261.8,1,4,0.250,602.32,47.1,1
261.8,2,5,0.250,601.93,49.1,1
261.9,0,0,0.250,603.64,48.6,1
261.9,1,1,0.250,601.39,46.3,1
261.9,2,2,0.250,603.33,48.3,1
261.9,0,3,0.250,601.38,47.2,1
261.9,1,4,0.250,602.32,47.1,1
261.9,2,5,0.250,601.93,49.1,1
262.0,0,0,0.250,603.64,48.6,1
262.0,1,1,0.250,601.39,46.3,1
262.0,2,2,0.250,603.33,48.3,1
262.0,0,3,0.250,601.38,47.2,1
262.0,1,4,0.250,602.32,47.1,1
262.0,2,5,0.250,601.93,49.1,1
262.1,0,0,0.250,603.64,48.6,1
262.1,1,1,0.250,601.39,46.3,1
262.1,2,2,0.250,603.33,48.3,1
262.1,0,3,0.250,601.38,47.2,1
262.1,1,4,0.250,602.32,47.1,1
262.1,2,5,0.250,601.93,49.1,1
262.2,0,0,0.250,603.64,48.6,1
262.2,1,1,0.250,601.39,46.3,1
262.2,2,2,0.250,603.33,48.3,1
262.2,0,3,0.250,601.38,47.2,1
262.2,1,4,0.250,602.32,47.1,1
262.2,2,5,0.250,601.93,49.1,1
262.3,0,0,0.250,603.64,48.6,1
262.3,1,1,0.250,601.39,46.3,1
262.3,2,2,0.250,603.33,48.3,1
262.3,0,3,0.250,601.38,47.2,1
262.3,1,4,0.250,602.32,47.1,1
262.3,2,5,0.250,601.93,49.1,1
262.4,0,0,0.250,603.64,48.6,1
262.4,1,1,0.250,601.39,46.3,1
262.4,2,2,0.250,603.33,48.3,1
262.4,0,3,0.250,601.38,47.2,1
262.4,1,4,0.250,602.32,47.1,1
262.4,2,5,0.250,601.93,49.1,1
262.5,0,0,0.250,603.64,48.6,1
262.5,1,1,0.250,601.39,46.3,1
262.5,2,2,0.250,603.33,48.3,1
262.5,0,3,0.250,601.38,47.2,1
262.5,1,4,0.250,602.32,47.1,1
262.5,2,5,0.250,601.93,49.1,1
262.6,0,0,0.250,603.64,48.6,1
262.6,1,1,0.250,601.39,46.3,1
262.6,2,2,0.250,603.33,48.3,1
262.6,0,3,0.250,601.38,47.2,1
262.6,1,4,0.250,602.32,47.1,1
262.6,2,5,0.250,601.93,49.1,1
262.7,0,0,0.250,603.64,48.6,1
262.7,1,1,0.250,601.39,46.3,1
262.7,2,2,0.250,603.33,48.3,1
262.7,0,3,0.250,601.38,47.2,1
262.7,1,4,0.250,602.32,47.1,1
262.7,2,5,0.250,601.93,49.1,1
262.8,0,0,0.250,603.64,48.6,1
262.8,1,1,0.250,601.39,46.3,1
262.8,2,2,0.250,603.33,48.3,1
262.8,0,3,0.250,601.38,47.2,1
262.8,1,4,0.250,602.32,47.1,1
262.8,2,5,0.250,601.93,49.1,1
262.9,0,0,0.250,603.64,48.6,1
262.9,1,1,0.250,601.39,46.3,1
262.9,2,2,0.250,603.33,48.3,1
262.9,0,3,0.250,601.38,47.2,1
262.9,1,4,0.250,602.32,47.1,1
262.9,2,5,0.250,601.93,49.1,1
263.0,0,0,0.250,603.64,48.6,1
263.0,1,1,0.250,601.39,46.3,1
263.0,2,2,0.250,603.33,48.3,1
263.0,0,3,0.250,601.38,47.2,1
263.0,1,4,0.250,602.32,47.1,1
263.0,2,5,0.250,601.93,49.1,1
263.1,0,0,0.250,603.64,48.6,1
263.1,1,1,0.250,601.39,46.3,1
263.1,2,2,0.250,603.33,48.3,1
263.1,0,3,0.250,601.38,47.2,1
263.1,1,4,0.250,602.32,47.1,1
263.1,2,5,0.250,601.93,49.1,1
263.2,0,0,0.250,603.64,48.6,1
263.2,1,1,0.250,601.39,46.3,1
263.2,2,2,0.250,603.33,48.3,1
263.2,0,3,0.250,601.38,47.2,1
263.2,1,4,0.250,602.32,47.1,1
263.2,2,5,0.250,601.93,49.1,1
263.3,0,0,0.250,603.64,48.6,1
263.3,1,1,0.250,601.39,46.3,1
263.3,2,2,0.250,603.33,48.3,1
263.3,0,3,0.250,601.38,47.2,1
263.3,1,4,0.250,602.32,47.1,1
263.3,2,5,0.250,601.93,49.1,1
263.4,0,0,0.250,603.64,48.6,1
263.4,1,1,0.250,601.39,46.3,1
263.4,2,2,0.250,603.33,48.3,1
263.4,0,3,0.250,601.38,47.2,1
263.4,1,4,0.250,602.32,47.1,1
263.4,2,5,0.250,601.93,49.1,1
263.5,0,0,0.250,603.64,48.6,1
263.5,1,1,0.250,601.39,46.3,1
263.5,2,2,0.250,603.33,48.3,1
263.5,0,3,0.250,601.38,47.2,1
263.5,1,4,0.250,602.32,47.1,1
263.5,2,5,0.250,601.93,49.1,1
263.6,0,0,0.250,603.64,48.6,1
263.6,1,1,0.250,601.39,46.3,1
263.6,2,2,0.250,603.33,48.3,1
263.6,0,3,0.250,601.38,47.2,1
263.6,1,4,0.250,602.32,47.1,1
263.6,2,5,0.250,601.93,49.1,1
263.7,0,0,0.250,603.64,48.6,1
263.7,1,1,0.250,601.39,46.3,1
263.7,2,2,0.250,603.33,48.3,1
263.7,0,3,0.250,601.38,47.2,1
263.7,1,4,0.250,602.32,47.1,1
263.7,2,5,0.250,601.93,49.1,1
263.8,0,0,0.250,603.64,48.6,1
263.8,1,1,0.250,601.39,46.3,1
263.8,2,2,0.250,603.33,48.3,1
263.8,0,3,0.250,601.38,47.2,1
263.8,1,4,0.250,602.32,47.1,1
263.8,2,5,0.250,601.93,49.1,1
263.9,0,0,0.250,603.64,48.6,1
263.9,1,1,0.250,601.39,46.3,1
263.9,2,2,0.250,603.33,48.3,1
263.9,0,3,0.250,601.38,47.2,1
263.9,1,4,0.250,602.32,47.1,1
263.9,2,5,0.250,601.93,49.1,1
264.0,0,0,0.250,603.64,48.6,1
264.0,1,1,0.250,601.39,46.3,1
264.0,2,2,0.250,603.33,48.3,1
264.0,0,3,0.250,601.38,47.2,1
264.0,1,4,0.250,602.32,47.1,1
264.0,2,5,0.250,601.93,49.1,1
264.1,0,0,0.250,603.64,48.6,1
264.1,1,1,0.250,601.39,46.3,1
264.1,2,2,0.250,603.33,48.3,1
264.1,0,3,0.250,601.38,47.2,1
264.1,1,4,0.250,602.32,47.1,1
264.1,2,5,0.250,601.93,49.1,1
264.2,0,0,0.250,603.64,48.6,1
264.2,1,1,0.250,601.39,46.3,1
264.2,2,2,0.250,603.33,48.3,1
264.2,0,3,0.250,601.38,47.2,1
264.2,1,4,0.250,602.32,47.1,1
264.2,2,5,0.250,601.93,49.1,1
264.3,0,0,0.250,603.64,48.6,1
264.3,1,1,0.250,601.39,46.3,1
264.3,2,2,0.250,603.33,48.3,1
264.3,0,3,0.250,601.38,47.2,1
264.3,1,4,0.250,602.32,47.1,1
264.3,2,5,0.250,601.93,49.1,1
264.4,0,0,0.250,603.64,48.6,1
264.4,1,1,0.250,601.39,46.3,1
264.4,2,2,0.250,603.33,48.3,1
264.4,0,3,0.250,601.38,47.2,1
264.4,1,4,0.250,602.32,47.1,1
264.4,2,5,0.250,601.93,49.1,1
264.5,0,0,0.250,603.64,48.6,1
264.5,1,1,0.250,601.39,46.3,1
264.5,2,2,0.250,603.33,48.3,1
264.5,0,3,0.250,601.38,47.2,1
264.5,1,4,0.250,602.32,47.1,1
264.5,2,5,0.250,601.93,49.1,1
264.6,0,0,0.250,603.64,48.6,1
264.6,1,1,0.250,601.39,46.3,1
264.6,2,2,0.250,603.33,48.3,1
264.6,0,3,0.250,601.38,47.2,1
264.6,1,4,0.250,602.32,47.1,1
264.6,2,5,0.250,601.93,49.1,1
264.7,0,0,0.250,603.64,48.6,1
264.7,1,1,0.250,601.39,46.3,1
264.7,2,2,0.250,603.33,48.3,1
264.7,0,3,0.250,601.38,47.2,1
264.7,1,4,0.250,602.32,47.1,1
264.7,2,5,0.250,601.93,49.1,1
264.8,0,0,0.250,603.64,48.6,1
264.8,1,1,0.250,601.39,46.3,1
264.8,2,2,0.250,603.33,48.3,1
264.8,0,3,0.250,601.38,47.2,1
264.8,1,4,0.250,602.32,47.1,1
264.8,2,5,0.250,601.93,49.1,1
264.9,0,0,0.250,603.64,48.6,1
264.9,1,1,0.250,601.39,46.3,1
264.9,2,2,0.250,603.33,48.3,1
264.9,0,3,0.250,601.38,47.2,1
264.9,1,4,0.250,602.32,47.1,1
264.9,2,5,0.250,601.93,49.1,1
265.0,0,0,0.250,603.64,48.6,1
265.0,1,1,0.250,601.39,46.3,1
265.0,2,2,0.250,603.33,48.3,1
265.0,0,3,0.250,601.38,47.2,1
265.0,1,4,0.250,602.32,47.1,1
265.0,2,5,0.250,601.93,49.1,1
265.1,0,0,0.250,603.64,48.6,1
265.1,1,1,0.250,601.39,46.3,1
265.1,2,2,0.250,603.33,48.3,1
265.1,0,3,0.250,601.38,47.2,1
265.1,1,4,0.250,602.32,47.1,1
265.1,2,5,0.250,601.93,49.1,1
265.2,0,0,0.250,603.64,48.6,1
265.2,1,1,0.250,601.39,46.3,1
265.2,2,2,0.250,603.33,48.3,1
265.2,0,3,0.250,601.38,47.2,1
265.2,1,4,0.250,602.32,47.1,1
265.2,2,5,0.250,601.93,49.1,1
265.3,0,0,0.250,603.64,48.6,1
265.3,1,1,0.250,601.39,46.3,1
265.3,2,2,0.250,603.33,48.3,1
265.3,0,3,0.250,601.38,47.2,1
265.3,1,4,0.250,602.32,47.1,1
265.3,2,5,0.250,601.93,49.1,1
265.4,0,0,0.250,603.64,48.6,1
265.4,1,1,0.250,601.39,46.3,1
265.4,2,2,0.250,603.33,48.3,1
265.4,0,3,0.250,601.38,47.2,1
265.4,1,4,0.250,602.32,47.1,1
265.4,2,5,0.250,601.93,49.1,1
265.5,0,0,0.250,603.64,48.6,1
265.5,1,1,0.250,601.39,46.3,1
265.5,2,2,0.250,603.33,48.3,1
265.5,0,3,0.250,601.38,47.2,1
265.5,1,4,0.250,602.32,47.1,1
265.5,2,5,0.250,601.93,49.1,1
265.6,0,0,0.250,603.64,48.6,1
265.6,1,1,0.250,601.39,46.3,1
265.6,2,2,0.250,603.33,48.3,1
265.6,0,3,0.250,601.38,47.2,1
265.6,1,4,0.250,602.32,47.1,1
265.6,2,5,0.250,601.93,49.1,1
265.7,0,0,0.250,603.64,48.6,1
265.7,1,1,0.250,601.39,46.3,1
265.7,2,2,0.250,603.33,48.3,1
265.7,0,3,0.250,601.38,47.2,1
265.7,1,4,0.250,602.32,47.1,1
265.7,2,5,0.250,601.93,49.1,1
265.8,0,0,0.250,603.64,48.6,1
265.8,1,1,0.250,601.39,46.3,1
265.8,2,2,0.250,603.33,48.3,1
265.8,0,3,0.250,601.38,47.2,1
265.8,1,4,0.250,602.32,47.1,1
265.8,2,5,0.250,601.93,49.1,1
265.9,0,0,0.250,603.64,48.6,1
265.9,1,1,0.250,601.39,46.3,1
265.9,2,2,0.250,603.33,48.3,1
265.9,0,3,0.250,601.38,47.2,1
265.9,1,4,0.250,602.32,47.1,1
265.9,2,5,0.250,601.93,49.1,1
266.0,0,0,0.250,603.64,48.6,1
266.0,1,1,0.250,601.39,46.3,1
266.0,2,2,0.250,603.33,48.3,1
266.0,0,3,0.250,601.38,47.2,1
266.0,1,4,0.250,602.32,47.1,1
266.0,2,5,0.250,601.93,49.1,1
266.1,0,0,0.250,603.64,48.6,1
266.1,1,1,0.250,601.39,46.3,1
266.1,2,2,0.250,603.33,48.3,1
266.1,0,3,0.250,601.38,47.2,1
266.1,1,4,0.250,602.32,47.1,1
266.1,2,5,0.250,601.93,49.1,1
266.2,0,0,0.250,603.64,48.6,1
266.2,1,1,0.250,601.39,46.3,1
266.2,2,2,0.250,603.33,48.3,1
266.2,0,3,0.250,601.38,47.2,1
266.2,1,4,0.250,602.32,47.1,1
266.2,2,5,0.250,601.93,49.1,1
266.3,0,0,0.250,603.64,48.6,1
266.3,1,1,0.250,601.39,46.3,1
266.3,2,2,0.250,603.33,48.3,1
266.3,0,3,0.250,601.38,47.2,1
266.3,1,4,0.250,602.32,47.1,1
266.3,2,5,0.250,601.93,49.1,1
266.4,0,0,0.250,603.64,48.6,1
266.4,1,1,0.250,601.39,46.3,1
266.4,2,2,0.250,603.33,48.3,1
266.4,0,3,0.250,601.38,47.2,1
266.4,1,4,0.250,602.32,47.1,1
266.4,2,5,0.250,601.93,49.1,1
266.5,0,0,0.250,603.64,48.6,1
266.5,1,1,0.250,601.39,46.3,1
266.5,2,2,0.250,603.33,48.3,1
266.5,0,3,0.250,601.38,47.2,1
266.5,1,4,0.250,602.32,47.1,1
266.5,2,5,0.250,601.93,49.1,1
266.6,0,0,0.250,603.64,48.6,1
266.6,1,1,0.250,601.39,46.3,1
266.6,2,2,0.250,603.33,48.3,1
266.6,0,3,0.250,601.38,47.2,1
266.6,1,4,0.250,602.32,47.1,1
266.6,2,5,0.250,601.93,49.1,1
266.7,0,0,0.250,603.64,48.6,1
266.7,1,1,0.250,601.39,46.3,1
266.7,2,2,0.250,603.33,48.3,1
266.7,0,3,0.250,601.38,47.2,1
266.7,1,4,0.250,602.32,47.1,1
266.7,2,5,0.250,601.93,49.1,1
266.8,0,0,0.250,603.64,48.6,1
266.8,1,1,0.250,601.39,46.3,1
266.8,2,2,0.250,603.33,48.3,1
266.8,0,3,0.250,601.38,47.2,1
266.8,1,4,0.250,602.32,47.1,1
266.8,2,5,0.250,601.93,49.1,1
266.9,0,0,0.250,603.64,48.6,1
266.9,1,1,0.250,601.39,46.3,1
266.9,2,2,0.250,603.33,48.3,1
266.9,0,3,0.250,601.38,47.2,1
266.9,1,4,0.250,602.32,47.1,1
266.9,2,5,0.250,601.93,49.1,1
267.0,0,0,0.250,603.64,48.6,1
267.0,1,1,0.250,601.39,46.3,1
267.0,2,2,0.250,603.33,48.3,1
267.0,0,3,0.250,601.38,47.2,1
267.0,1,4,0.250,602.32,47.1,1
267.0,2,5,0.250,601.93,49.1,1
267.1,0,0,0.250,603.64,48.6,1
267.1,1,1,0.250,601.39,46.3,1
267.1,2,2,0.250,603.33,48.3,1
267.1,0,3,0.250,601.38,47.2,1
267.1,1,4,0.250,602.32,47.1,1
267.1,2,5,0.250,601.93,49.1,1
267.2,0,0,0.250,603.64,48.6,1
267.2,1,1,0.250,601.39,46.3,1
267.2,2,2,0.250,603.33,48.3,1
267.2,0,3,0.250,601.38,47.2,1
267.2,1,4,0.250,602.32,47.1,1
267.2,2,5,0.250,601.93,49.1,1
267.3,0,0,0.250,603.64,48.6,1
267.3,1,1,0.250,601.39,46.3,1
267.3,2,2,0.250,603.33,48.3,1
267.3,0,3,0.250,601.38,47.2,1
267.3,1,4,0.250,602.32,47.1,1
267.3,2,5,0.250,601.93,49.1,1
267.4,0,0,0.250,603.64,48.6,1
267.4,1,1,0.250,601.39,46.3,1
267.4,2,2,0.250,603.33,48.3,1
267.4,0,3,0.250,601.38,47.2,1
267.4,1,4,0.250,602.32,47.1,1
267.4,2,5,0.250,601.93,49.1,1
267.5,0,0,0.250,603.64,48.6,1
267.5,1,1,0.250,601.39,46.3,1
267.5,2,2,0.250,603.33,48.3,1
267.5,0,3,0.250,601.38,47.2,1
267.5,1,4,0.250,602.32,47.1,1
267.5,2,5,0.250,601.93,49.1,1
267.6,0,0,0.250,603.64,48.6,1
267.6,1,1,0.250,601.39,46.3,1
267.6,2,2,0.250,603.33,48.3,1
267.6,0,3,0.250,601.38,47.2,1
267.6,1,4,0.250,602.32,47.1,1
267.6,2,5,0.250,601.93,49.1,1
267.7,0,0,0.250,603.64,48.6,1
267.7,1,1,0.250,601.39,46.3,1
267.7,2,2,0.250,603.33,48.3,1
267.7,0,3,0.250,601.38,47.2,1
267.7,1,4,0.250,602.32,47.1,1
267.7,2,5,0.250,601.93,49.1,1
267.8,0,0,0.250,603.64,48.6,1
267.8,1,1,0.250,601.39,46.3,1
267.8,2,2,0.250,603.33,48.3,1
267.8,0,3,0.250,601.38,47.2,1
267.8,1,4,0.250,602.32,47.1,1
267.8,2,5,0.250,601.93,49.1,1
267.9,0,0,0.250,603.64,48.6,1
267.9,1,1,0.250,601.39,46.3,1
267.9,2,2,0.250,603.33,48.3,1
267.9,0,3,0.250,601.38,47.2,1
267.9,1,4,0.250,602.32,47.1,1
267.9,2,5,0.250,601.93,49.1,1
268.0,0,0,0.250,603.64,48.6,1
268.0,1,1,0.250,601.39,46.3,1
268.0,2,2,0.250,603.33,48.3,1
268.0,0,3,0.250,601.38,47.2,1
268.0,1,4,0.250,602.32,47.1,1
268.0,2,5,0.250,601.93,49.1,1
268.1,0,0,0.250,603.64,48.6,1
268.1,1,1,0.250,601.39,46.3,1
268.1,2,2,0.250,603.33,48.3,1
268.1,0,3,0.250,601.38,47.2,1
268.1,1,4,0.250,602.32,47.1,1
268.1,2,5,0.250,601.93,49.1,1
268.2,0,0,0.250,603.64,48.6,1
268.2,1,1,0.250,601.39,46.3,1
268.2,2,2,0.250,603.33,48.3,1
268.2,0,3,0.250,601.38,47.2,1
268.2,1,4,0.250,602.32,47.1,1
268.2,2,5,0.250,601.93,49.1,1
268.3,0,0,0.250,603.64,48.6,1
268.3,1,1,0.250,601.39,46.3,1
268.3,2,2,0.250,603.33,48.3,1
268.3,0,3,0.250,601.38,47.2,1
268.3,1,4,0.250,602.32,47.1,1
268.3,2,5,0.250,601.93,49.1,1
268.4,0,0,0.250,603.64,48.6,1
268.4,1,1,0.250,601.39,46.3,1
268.4,2,2,0.250,603.33,48.3,1
268.4,0,3,0.250,601.38,47.2,1
268.4,1,4,0.250,602.32,47.1,1
268.4,2,5,0.250,601.93,49.1,1
268.5,0,0,0.250,603.64,48.6,1
268.5,1,1,0.250,601.39,46.3,1
268.5,2,2,0.250,603.33,48.3,1
268.5,0,3,0.250,601.38,47.2,1
268.5,1,4,0.250,602.32,47.1,1
268.5,2,5,0.250,601.93,49.1,1
268.6,0,0,0.250,603.64,48.6,1
268.6,1,1,0.250,601.39,46.3,1
268.6,2,2,0.250,603.33,48.3,1
268.6,0,3,0.250,601.38,47.2,1
268.6,1,4,0.250,602.32,47.1,1
268.6,2,5,0.250,601.93,49.1,1
268.7,0,0,0.250,603.64,48.6,1
268.7,1,1,0.250,601.39,46.3,1
268.7,2,2,0.250,603.33,48.3,1
268.7,0,3,0.250,601.38,47.2,1
268.7,1,4,0.250,602.32,47.1,1
268.7,2,5,0.250,601.93,49.1,1
268.8,0,0,0.250,603.64,48.6,1
268.8,1,1,0.250,601.39,46.3,1
268.8,2,2,0.250,603.33,48.3,1
268.8,0,3,0.250,601.38,47.2,1
268.8,1,4,0.250,602.32,47.1,1
268.8,2,5,0.250,601.93,49.1,1
268.9,0,0,0.250,603.64,48.6,1
268.9,1,1,0.250,601.39,46.3,1
268.9,2,2,0.250,603.33,48.3,1
268.9,0,3,0.250,601.38,47.2,1
268.9,1,4,0.250,602.32,47.1,1
268.9,2,5,0.250,601.93,49.1,1
269.0,0,0,0.250,603.64,48.6,1
269.0,1,1,0.250,601.39,46.3,1
269.0,2,2,0.250,603.33,48.3,1
269.0,0,3,0.250,601.38,47.2,1
269.0,1,4,0.250,602.32,47.1,1
269.0,2,5,0.250,601.93,49.1,1
269.1,0,0,0.250,603.64,48.6,1
269.1,1,1,0.250,601.39,46.3,1
269.1,2,2,0.250,603.33,48.3,1
269.1,0,3,0.250,601.38,47.2,1
269.1,1,4,0.250,602.32,47.1,1
269.1,2,5,0.250,601.93,49.1,1
269.2,0,0,0.250,603.64,48.6,1
269.2,1,1,0.250,601.39,46.3,1
269.2,2,2,0.250,603.33,48.3,1
269.2,0,3,0.250,601.38,47.2,1
269.2,1,4,0.250,602.32,47.1,1
269.2,2,5,0.250,601.93,49.1,1
269.3,0,0,0.250,603.64,48.6,1
269.3,1,1,0.250,601.39,46.3,1
269.3,2,2,0.250,603.33,48.3,1
269.3,0,3,0.250,601.38,47.2,1
269.3,1,4,0.250,602.32,47.1,1
269.3,2,5,0.250,601.93,49.1,1
269.4,0,0,0.250,603.64,48.6,1
269.4,1,1,0.250,601.39,46.3,1
269.4,2,2,0.250,603.33,48.3,1
269.4,0,3,0.250,601.38,47.2,1
269.4,1,4,0.250,602.32,47.1,1
269.4,2,5,0.250,601.93,49.1,1
269.5,0,0,0.250,603.64,48.6,1
269.5,1,1,0.250,601.39,46.3,1
269.5,2,2,0.250,603.33,48.3,1
269.5,0,3,0.250,601.38,47.2,1
269.5,1,4,0.250,602.32,47.1,1
269.5,2,5,0.250,601.93,49.1,1
269.6,0,0,0.250,603.64,48.6,1
269.6,1,1,0.250,601.39,46.3,1
269.6,2,2,0.250,603.33,48.3,1
269.6,0,3,0.250,601.38,47.2,1
269.6,1,4,0.250,602.32,47.1,1
269.6,2,5,0.250,601.93,49.1,1
269.7,0,0,0.250,603.64,48.6,1
269.7,1,1,0.250,601.39,46.3,1
269.7,2,2,0.250,603.33,48.3,1
269.7,0,3,0.250,601.38,47.2,1
269.7,1,4,0.250,602.32,47.1,1
269.7,2,5,0.250,601.93,49.1,1
269.8,0,0,0.250,603.64,48.6,1
269.8,1,1,0.250,601.39,46.3,1
269.8,2,2,0.250,603.33,48.3,1
269.8,0,3,0.250,601.38,47.2,1
269.8,1,4,0.250,602.32,47.1,1
269.8,2,5,0.250,601.93,49.1,1
269.9,0,0,0.250,603.64,48.6,1
269.9,1,1,0.250,601.39,46.3,1
269.9,2,2,0.250,603.33,48.3,1
269.9,0,3,0.250,601.38,47.2,1
269.9,1,4,0.250,602.32,47.1,1
269.9,2,5,0.250,601.93,49.1,1
270.0,0,0,0.250,603.64,48.6,1
270.0,1,1,0.250,601.39,46.3,1
270.0,2,2,0.250,603.33,48.3,1
270.0,0,3,0.250,601.38,47.2,1
270.0,1,4,0.250,602.32,47.1,1
270.0,2,5,0.250,601.93,49.1,1
270.1,0,0,0.250,603.64,48.6,1
270.1,1,1,0.250,601.39,46.3,1
270.1,2,2,0.250,603.33,48.3,1
270.1,0,3,0.250,601.38,47.2,1
270.1,1,4,0.250,602.32,47.1,1
270.1,2,5,0.250,601.93,49.1,1
270.2,0,0,0.250,603.64,48.6,1
270.2,1,1,0.250,601.39,46.3,1
270.2,2,2,0.250,603.33,48.3,1
270.2,0,3,0.250,601.38,47.2,1
270.2,1,4,0.250,602.32,47.1,1
270.2,2,5,0.250,601.93,49.1,1
270.3,0,0,0.250,603.64,48.6,1
270.3,1,1,0.250,601.39,46.3,1
270.3,2,2,0.250,603.33,48.3,1
270.3,0,3,0.250,601.38,47.2,1
270.3,1,4,0.250,602.32,47.1,1
270.3,2,5,0.250,601.93,49.1,1
270.4,0,0,0.250,603.64,48.6,1
270.4,1,1,0.250,601.39,46.3,1
270.4,2,2,0.250,603.33,48.3,1
270.4,0,3,0.250,601.38,47.2,1
270.4,1,4,0.250,602.32,47.1,1
270.4,2,5,0.250,601.93,49.1,1
270.5,0,0,0.250,603.64,48.6,1
270.5,1,1,0.250,601.39,46.3,1
270.5,2,2,0.250,603.33,48.3,1
270.5,0,3,0.250,601.38,47.2,1
270.5,1,4,0.250,602.32,47.1,1
270.5,2,5,0.250,601.93,49.1,1
270.6,0,0,0.250,603.64,48.6,1
270.6,1,1,0.250,601.39,46.3,1
270.6,2,2,0.250,603.33,48.3,1
270.6,0,3,0.250,601.38,47.2,1
270.6,1,4,0.250,602.32,47.1,1
270.6,2,5,0.250,601.93,49.1,1
270.7,0,0,0.250,603.64,48.6,1
270.7,1,1,0.250,601.39,46.3,1
270.7,2,2,0.250,603.33,48.3,1
270.7,0,3,0.250,601.38,47.2,1
270.7,1,4,0.250,602.32,47.1,1
270.7,2,5,0.250,601.93,49.1,1
270.8,0,0,0.250,603.64,48.6,1
270.8,1,1,0.250,601.39,46.3,1
270.8,2,2,0.250,603.33,48.3,1
270.8,0,3,0.250,601.38,47.2,1
270.8,1,4,0.250,602.32,47.1,1
270.8,2,5,0.250,601.93,49.1,1
270.9,0,0,0.250,603.64,48.6,1
270.9,1,1,0.250,601.39,46.3,1
270.9,2,2,0.250,603.33,48.3,1
270.9,0,3,0.250,601.38,47.2,1
270.9,1,4,0.250,602.32,47.1,1
270.9,2,5,0.250,601.93,49.1,1
271.0,0,0,0.250,603.64,48.6,1
271.0,1,1,0.250,601.39,46.3,1
271.0,2,2,0.250,603.33,48.3,1
271.0,0,3,0.250,601.38,47.2,1
271.0,1,4,0.250,602.32,47.1,1
271.0,2,5,0.250,601.93,49.1,1
271.1,0,0,0.250,603.64,48.6,1
271.1,1,1,0.250,601.39,46.3,1
271.1,2,2,0.250,603.33,48.3,1
271.1,0,3,0.250,601.38,47.2,1
271.1,1,4,0.250,602.32,47.1,1
271.1,2,5,0.250,601.93,49.1,1
271.2,0,0,0.250,603.64,48.6,1
271.2,1,1,0.250,601.39,46.3,1
271.2,2,2,0.250,603.33,48.3,1
271.2,0,3,0.250,601.38,47.2,1
271.2,1,4,0.250,602.32,47.1,1
271.2,2,5,0.250,601.93,49.1,1
271.3,0,0,0.250,603.64,48.6,1
271.3,1,1,0.250,601.39,46.3,1
271.3,2,2,0.250,603.33,48.3,1
271.3,0,3,0.250,601.38,47.2,1
271.3,1,4,0.250,602.32,47.1,1
271.3,2,5,0.250,601.93,49.1,1
271.4,0,0,0.250,603.64,48.6,1
271.4,1,1,0.250,601.39,46.3,1
271.4,2,2,0.250,603.33,48.3,1
271.4,0,3,0.250,601.38,47.2,1
271.4,1,4,0.250,602.32,47.1,1
271.4,2,5,0.250,601.93,49.1,1
271.5,0,0,0.250,603.64,48.6,1
271.5,1,1,0.250,601.39,46.3,1
271.5,2,2,0.250,603.33,48.3,1
271.5,0,3,0.250,601.38,47.2,1
271.5,1,4,0.250,602.32,47.1,1
271.5,2,5,0.250,601.93,49.1,1
271.6,0,0,0.250,603.64,48.6,1
271.6,1,1,0.250,601.39,46.3,1
271.6,2,2,0.250,603.33,48.3,1
271.6,0,3,0.250,601.38,47.2,1
271.6,1,4,0.250,602.32,47.1,1
271.6,2,5,0.250,601.93,49.1,1
271.7,0,0,0.250,603.64,48.6,1
271.7,1,1,0.250,601.39,46.3,1
271.7,2,2,0.250,603.33,48.3,1
271.7,0,3,0.250,601.38,47.2,1
271.7,1,4,0.250,602.32,47.1,1
271.7,2,5,0.250,601.93,49.1,1
271.8,0,0,0.250,603.64,48.6,1
271.8,1,1,0.250,601.39,46.3,1
271.8,2,2,0.250,603.33,48.3,1
271.8,0,3,0.250,601.38,47.2,1
271.8,1,4,0.250,602.32,47.1,1
271.8,2,5,0.250,601.93,49.1,1
271.9,0,0,0.250,603.64,48.6,1
271.9,1,1,0.250,601.39,46.3,1
271.9,2,2,0.250,603.33,48.3,1
271.9,0,3,0.250,601.38,47.2,1
271.9,1,4,0.250,602.32,47.1,1
271.9,2,5,0.250,601.93,49.1,1
272.0,0,0,0.250,603.64,48.6,1
272.0,1,1,0.250,601.39,46.3,1
272.0,2,2,0.250,603.33,48.3,1
272.0,0,3,0.250,601.38,47.2,1
272.0,1,4,0.250,602.32,47.1,1
272.0,2,5,0.250,601.93,49.1,1
272.1,0,0,0.250,603.64,48.6,1
272.1,1,1,0.250,601.39,46.3,1
272.1,2,2,0.250,603.33,48.3,1
272.1,0,3,0.250,601.38,47.2,1
272.1,1,4,0.250,602.32,47.1,1
272.1,2,5,0.250,601.93,49.1,1
272.2,0,0,0.250,603.64,48.6,1
272.2,1,1,0.250,601.39,46.3,1
272.2,2,2,0.250,603.33,48.3,1
272.2,0,3,0.250,601.38,47.2,1
272.2,1,4,0.250,602.32,47.1,1
272.2,2,5,0.250,601.93,49.1,1
272.3,0,0,0.250,603.64,48.6,1
272.3,1,1,0.250,601.39,46.3,1
272.3,2,2,0.250,603.33,48.3,1
272.3,0,3,0.250,601.38,47.2,1
272.3,1,4,0.250,602.32,47.1,1
272.3,2,5,0.250,601.93,49.1,1
272.4,0,0,0.250,603.64,48.6,1
272.4,1,1,0.250,601.39,46.3,1
272.4,2,2,0.250,603.33,48.3,1
272.4,0,3,0.250,601.38,47.2,1
272.4,1,4,0.250,602.32,47.1,1
272.4,2,5,0.250,601.93,49.1,1
272.5,0,0,0.250,603.64,48.6,1
272.5,1,1,0.250,601.39,46.3,1
272.5,2,2,0.250,603.33,48.3,1
272.5,0,3,0.250,601.38,47.2,1
272.5,1,4,0.250,602.32,47.1,1
272.5,2,5,0.250,601.93,49.1,1
272.6,0,0,0.250,603.64,48.6,1
272.6,1,1,0.250,601.39,46.3,1
272.6,2,2,0.250,603.33,48.3,1
272.6,0,3,0.250,601.38,47.2,1
272.6,1,4,0.250,602.32,47.1,1
272.6,2,5,0.250,601.93,49.1,1
272.7,0,0,0.250,603.64,48.6,1
272.7,1,1,0.250,601.39,46.3,1
272.7,2,2,0.250,603.33,48.3,1
272.7,0,3,0.250,601.38,47.2,1
272.7,1,4,0.250,602.32,47.1,1
272.7,2,5,0.250,601.93,49.1,1
272.8,0,0,0.250,603.64,48.6,1
272.8,1,1,0.250,601.39,46.3,1
272.8,2,2,0.250,603.33,48.3,1
272.8,0,3,0.250,601.38,47.2,1
272.8,1,4,0.250,602.32,47.1,1
272.8,2,5,0.250,601.93,49.1,1
272.9,0,0,0.250,603.64,48.6,1
272.9,1,1,0.250,601.39,46.3,1
272.9,2,2,0.250,603.33,48.3,1
272.9,0,3,0.250,601.38,47.2,1
272.9,1,4,0.250,602.32,47.1,1
272.9,2,5,0.250,601.93,49.1,1
273.0,0,0,0.250,603.64,48.6,1
273.0,1,1,0.250,601.39,46.3,1
273.0,2,2,0.250,603.33,48.3,1
273.0,0,3,0.250,601.38,47.2,1
273.0,1,4,0.250,602.32,47.1,1
273.0,2,5,0.250,601.93,49.1,1
273.1,0,0,0.250,603.64,48.6,1
273.1,1,1,0.250,601.39,46.3,1
273.1,2,2,0.250,603.33,48.3,1
273.1,0,3,0.250,601.38,47.2,1
273.1,1,4,0.250,602.32,47.1,1
273.1,2,5,0.250,601.93,49.1,1
273.2,0,0,0.250,603.64,48.6,1
273.2,1,1,0.250,601.39,46.3,1
273.2,2,2,0.250,603.33,48.3,1
273.2,0,3,0.250,601.38,47.2,1
273.2,1,4,0.250,602.32,47.1,1
273.2,2,5,0.250,601.93,49.1,1
273.3,0,0,0.250,603.64,48.6,1
273.3,1,1,0.250,601.39,46.3,1
273.3,2,2,0.250,603.33,48.3,1
273.3,0,3,0.250,601.38,47.2,1
273.3,1,4,0.250,602.32,47.1,1
273.3,2,5,0.250,601.93,49.1,1
273.4,0,0,0.250,603.64,48.6,1
273.4,1,1,0.250,601.39,46.3,1
273.4,2,2,0.250,603.33,48.3,1
273.4,0,3,0.250,601.38,47.2,1
273.4,1,4,0.250,602.32,47.1,1
273.4,2,5,0.250,601.93,49.1,1
273.5,0,0,0.250,603.64,48.6,1
273.5,1,1,0.250,601.39,46.3,1
273.5,2,2,0.250,603.33,48.3,1
273.5,0,3,0.250,601.38,47.2,1
273.5,1,4,0.250,602.32,47.1,1
273.5,2,5,0.250,601.93,49.1,1
273.6,0,0,0.250,603.64,48.6,1
273.6,1,1,0.250,601.39,46.3,1
273.6,2,2,0.250,603.33,48.3,1
273.6,0,3,0.250,601.38,47.2,1
273.6,1,4,0.250,602.32,47.1,1
273.6,2,5,0.250,601.93,49.1,1
273.7,0,0,0.250,603.64,48.6,1
273.7,1,1,0.250,601.39,46.3,1
273.7,2,2,0.250,603.33,48.3,1
273.7,0,3,0.250,601.38,47.2,1
273.7,1,4,0.250,602.32,47.1,1
273.7,2,5,0.250,601.93,49.1,1
273.8,0,0,0.250,603.64,48.6,1
273.8,1,1,0.250,601.39,46.3,1
273.8,2,2,0.250,603.33,48.3,1
273.8,0,3,0.250,601.38,47.2,1
273.8,1,4,0.250,602.32,47.1,1
273.8,2,5,0.250,601.93,49.1,1
273.9,0,0,0.250,603.64,48.6,1
273.9,1,1,0.250,601.39,46.3,1
273.9,2,2,0.250,603.33,48.3,1
273.9,0,3,0.250,601.38,47.2,1
273.9,1,4,0.250,602.32,47.1,1
273.9,2,5,0.250,601.93,49.1,1
274.0,0,0,0.250,603.64,48.6,1
274.0,1,1,0.250,601.39,46.3,1
274.0,2,2,0.250,603.33,48.3,1
274.0,0,3,0.250,601.38,47.2,1
274.0,1,4,0.250,602.32,47.1,1
274.0,2,5,0.250,601.93,49.1,1
274.1,0,0,0.250,603.64,48.6,1
274.1,1,1,0.250,601.39,46.3,1
274.1,2,2,0.250,603.33,48.3,1
274.1,0,3,0.250,601.38,47.2,1
274.1,1,4,0.250,602.32,47.1,1
274.1,2,5,0.250,601.93,49.1,1
274.2,0,0,0.250,603.64,48.6,1
274.2,1,1,0.250,601.39,46.3,1
274.2,2,2,0.250,603.33,48.3,1
274.2,0,3,0.250,601.38,47.2,1
274.2,1,4,0.250,602.32,47.1,1
274.2,2,5,0.250,601.93,49.1,1
274.3,0,0,0.250,603.64,48.6,1
274.3,1,1,0.250,601.39,46.3,1
274.3,2,2,0.250,603.33,48.3,1
274.3,0,3,0.250,601.38,47.2,1
274.3,1,4,0.250,602.32,47.1,1
274.3,2,5,0.250,601.93,49.1,1
274.4,0,0,0.250,603.64,48.6,1
274.4,1,1,0.250,601.39,46.3,1
274.4,2,2,0.250,603.33,48.3,1
274.4,0,3,0.250,601.38,47.2,1
274.4,1,4,0.250,602.32,47.1,1
274.4,2,5,0.250,601.93,49.1,1
274.5,0,0,0.250,603.64,48.6,1
274.5,1,1,0.250,601.39,46.3,1
274.5,2,2,0.250,603.33,48.3,1
274.5,0,3,0.250,601.38,47.2,1
274.5,1,4,0.250,602.32,47.1,1
274.5,2,5,0.250,601.93,49.1,1
274.6,0,0,0.250,603.64,48.6,1
274.6,1,1,0.250,601.39,46.3,1
274.6,2,2,0.250,603.33,48.3,1
274.6,0,3,0.250,601.38,47.2,1
274.6,1,4,0.250,602.32,47.1,1
274.6,2,5,0.250,601.93,49.1,1
274.7,0,0,0.250,603.64,48.6,1
274.7,1,1,0.250,601.39,46.3,1
274.7,2,2,0.250,603.33,48.3,1
274.7,0,3,0.250,601.38,47.2,1
274.7,1,4,0.250,602.32,47.1,1
274.7,2,5,0.250,601.93,49.1,1
274.8,0,0,0.250,603.64,48.6,1
274.8,1,1,0.250,601.39,46.3,1
274.8,2,2,0.250,603.33,48.3,1
274.8,0,3,0.250,601.38,47.2,1
274.8,1,4,0.250,602.32,47.1,1
274.8,2,5,0.250,601.93,49.1,1
274.9,0,0,0.250,603.64,48.6,1
274.9,1,1,0.250,601.39,46.3,1
274.9,2,2,0.250,603.33,48.3,1
274.9,0,3,0.250,601.38,47.2,1
274.9,1,4,0.250,602.32,47.1,1
274.9,2,5,0.250,601.93,49.1,1
275.0,0,0,0.250,603.64,48.6,1
275.0,1,1,0.250,601.39,46.3,1
275.0,2,2,0.250,603.33,48.3,1
275.0,0,3,0.250,601.38,47.2,1
275.0,1,4,0.250,602.32,47.1,1
275.0,2,5,0.250,601.93,49.1,1
275.1,0,0,0.250,603.64,48.6,1
275.1,1,1,0.250,601.39,46.3,1
275.1,2,2,0.250,603.33,48.3,1
275.1,0,3,0.250,601.38,47.2,1
275.1,1,4,0.250,602.32,47.1,1
275.1,2,5,0.250,601.93,49.1,1
275.2,0,0,0.250,603.64,48.6,1
275.2,1,1,0.250,601.39,46.3,1
275.2,2,2,0.250,603.33,48.3,1
275.2,0,3,0.250,601.38,47.2,1
275.2,1,4,0.250,602.32,47.1,1
275.2,2,5,0.250,601.93,49.1,1
275.3,0,0,0.250,603.64,48.6,1
275.3,1,1,0.250,601.39,46.3,1
275.3,2,2,0.250,603.33,48.3,1
275.3,0,3,0.250,601.38,47.2,1
275.3,1,4,0.250,602.32,47.1,1
275.3,2,5,0.250,601.93,49.1,1
275.4,0,0,0.250,603.64,48.6,1
275.4,1,1,0.250,601.39,46.3,1
275.4,2,2,0.250,603.33,48.3,1
275.4,0,3,0.250,601.38,47.2,1
275.4,1,4,0.250,602.32,47.1,1
275.4,2,5,0.250,601.93,49.1,1
275.5,0,0,0.250,603.64,48.6,1
275.5,1,1,0.250,601.39,46.3,1
275.5,2,2,0.250,603.33,48.3,1
275.5,0,3,0.250,601.38,47.2,1
275.5,1,4,0.250,602.32,47.1,1
275.5,2,5,0.250,601.93,49.1,1
275.6,0,0,0.250,603.64,48.6,1
275.6,1,1,0.250,601.39,46.3,1
275.6,2,2,0.250,603.33,48.3,1
275.6,0,3,0.250,601.38,47.2,1
275.6,1,4,0.250,602.32,47.1,1
275.6,2,5,0.250,601.93,49.1,1
275.7,0,0,0.250,603.64,48.6,1
275.7,1,1,0.250,601.39,46.3,1
275.7,2,2,0.250,603.33,48.3,1
275.7,0,3,0.250,601.38,47.2,1
275.7,1,4,0.250,602.32,47.1,1
275.7,2,5,0.250,601.93,49.1,1
275.8,0,0,0.250,603.64,48.6,1
275.8,1,1,0.250,601.39,46.3,1
275.8,2,2,0.250,603.33,48.3,1
275.8,0,3,0.250,601.38,47.2,1
275.8,1,4,0.250,602.32,47.1,1
275.8,2,5,0.250,601.93,49.1,1
275.9,0,0,0.250,603.64,48.6,1
275.9,1,1,0.250,601.39,46.3,1
275.9,2,2,0.250,603.33,48.3,1
275.9,0,3,0.250,601.38,47.2,1
275.9,1,4,0.250,602.32,47.1,1
275.9,2,5,0.250,601.93,49.1,1
276.0,0,0,0.250,603.64,48.6,1
276.0,1,1,0.250,601.39,46.3,1
276.0,2,2,0.250,603.33,48.3,1
276.0,0,3,0.250,601.38,47.2,1
276.0,1,4,0.250,602.32,47.1,1
276.0,2,5,0.250,601.93,49.1,1
276.1,0,0,0.250,603.64,48.6,1
276.1,1,1,0.250,601.39,46.3,1
276.1,2,2,0.250,603.33,48.3,1
276.1,0,3,0.250,601.38,47.2,1
276.1,1,4,0.250,602.32,47.1,1
276.1,2,5,0.250,601.93,49.1,1
276.2,0,0,0.250,603.64,48.6,1
276.2,1,1,0.250,601.39,46.3,1
276.2,2,2,0.250,603.33,48.3,1
276.2,0,3,0.250,601.38,47.2,1
276.2,1,4,0.250,602.32,47.1,1
276.2,2,5,0.250,601.93,49.1,1
276.3,0,0,0.250,603.64,48.6,1
276.3,1,1,0.250,601.39,46.3,1
276.3,2,2,0.250,603.33,48.3,1
276.3,0,3,0.250,601.38,47.2,1
276.3,1,4,0.250,602.32,47.1,1
276.3,2,5,0.250,601.93,49.1,1
276.4,0,0,0.250,603.64,48.6,1
276.4,1,1,0.250,601.39,46.3,1
276.4,2,2,0.250,603.33,48.3,1
276.4,0,3,0.250,601.38,47.2,1
276.4,1,4,0.250,602.32,47.1,1
276.4,2,5,0.250,601.93,49.1,1
276.5,0,0,0.250,603.64,48.6,1
276.5,1,1,0.250,601.39,46.3,1
276.5,2,2,0.250,603.33,48.3,1
276.5,0,3,0.250,601.38,47.2,1
276.5,1,4,0.250,602.32,47.1,1
276.5,2,5,0.250,601.93,49.1,1
276.6,0,0,0.250,603.64,48.6,1
276.6,1,1,0.250,601.39,46.3,1
276.6,2,2,0.250,603.33,48.3,1
276.6,0,3,0.250,601.38,47.2,1
276.6,1,4,0.250,602.32,47.1,1
276.6,2,5,0.250,601.93,49.1,1
276.7,0,0,0.250,603.64,48.6,1
276.7,1,1,0.250,601.39,46.3,1
276.7,2,2,0.250,603.33,48.3,1
276.7,0,3,0.250,601.38,47.2,1
276.7,1,4,0.250,602.32,47.1,1
276.7,2,5,0.250,601.93,49.1,1
276.8,0,0,0.250,603.64,48.6,1
276.8,1,1,0.250,601.39,46.3,1
276.8,2,2,0.250,603.33,48.3,1
276.8,0,3,0.250,601.38,47.2,1
276.8,1,4,0.250,602.32,47.1,1
276.8,2,5,0.250,601.93,49.1,1
276.9,0,0,0.250,603.64,48.6,1
276.9,1,1,0.250,601.39,46.3,1
276.9,2,2,0.250,603.33,48.3,1
276.9,0,3,0.250,601.38,47.2,1
276.9,1,4,0.250,602.32,47.1,1
276.9,2,5,0.250,601.93,49.1,1
277.0,0,0,0.250,603.64,48.6,1
277.0,1,1,0.250,601.39,46.3,1
277.0,2,2,0.250,603.33,48.3,1
277.0,0,3,0.250,601.38,47.2,1
277.0,1,4,0.250,602.32,47.1,1
277.0,2,5,0.250,601.93,49.1,1
277.1,0,0,0.250,603.64,48.6,1
277.1,1,1,0.250,601.39,46.3,1
277.1,2,2,0.250,603.33,48.3,1
277.1,0,3,0.250,601.38,47.2,1
277.1,1,4,0.250,602.32,47.1,1
277.1,2,5,0.250,601.93,49.1,1
277.2,0,0,0.250,603.64,48.6,1
277.2,1,1,0.250,601.39,46.3,1
277.2,2,2,0.250,603.33,48.3,1
277.2,0,3,0.250,601.38,47.2,1
277.2,1,4,0.250,602.32,47.1,1
277.2,2,5,0.250,601.93,49.1,1
277.3,0,0,0.250,603.64,48.6,1
277.3,1,1,0.250,601.39,46.3,1
277.3,2,2,0.250,603.33,48.3,1
277.3,0,3,0.250,601.38,47.2,1
277.3,1,4,0.250,602.32,47.1,1
277.3,2,5,0.250,601.93,49.1,1
277.4,0,0,0.250,603.64,48.6,1
277.4,1,1,0.250,601.39,46.3,1
277.4,2,2,0.250,603.33,48.3,1
277.4,0,3,0.250,601.38,47.2,1
277.4,1,4,0.250,602.32,47.1,1
277.4,2,5,0.250,601.93,49.1,1
277.5,0,0,0.250,603.64,48.6,1
277.5,1,1,0.250,601.39,46.3,1
277.5,2,2,0.250,603.33,48.3,1
277.5,0,3,0.250,601.38,47.2,1
277.5,1,4,0.250,602.32,47.1,1
277.5,2,5,0.250,601.93,49.1,1
277.6,0,0,0.250,603.64,48.6,1
277.6,1,1,0.250,601.39,46.3,1
277.6,2,2,0.250,603.33,48.3,1
277.6,0,3,0.250,601.38,47.2,1
277.6,1,4,0.250,602.32,47.1,1
277.6,2,5,0.250,601.93,49.1,1
277.7,0,0,0.250,603.64,48.6,1
277.7,1,1,0.250,601.39,46.3,1
277.7,2,2,0.250,603.33,48.3,1
277.7,0,3,0.250,601.38,47.2,1
277.7,1,4,0.250,602.32,47.1,1
277.7,2,5,0.250,601.93,49.1,1
277.8,0,0,0.250,603.64,48.6,1
277.8,1,1,0.250,601.39,46.3,1
277.8,2,2,0.250,603.33,48.3,1
277.8,0,3,0.250,601.38,47.2,1
277.8,1,4,0.250,602.32,47.1,1
277.8,2,5,0.250,601.93,49.1,1
277.9,0,0,0.250,603.64,48.6,1
277.9,1,1,0.250,601.39,46.3,1
277.9,2,2,0.250,603.33,48.3,1
277.9,0,3,0.250,601.38,47.2,1
277.9,1,4,0.250,602.32,47.1,1
277.9,2,5,0.250,601.93,49.1,1
278.0,0,0,0.250,603.64,48.6,1
278.0,1,1,0.250,601.39,46.3,1
278.0,2,2,0.250,603.33,48.3,1
278.0,0,3,0.250,601.38,47.2,1
278.0,1,4,0.250,602.32,47.1,1
278.0,2,5,0.250,601.93,49.1,1
278.1,0,0,0.250,603.64,48.6,1
278.1,1,1,0.250,601.39,46.3,1
278.1,2,2,0.250,603.33,48.3,1
278.1,0,3,0.250,601.38,47.2,1
278.1,1,4,0.250,602.32,47.1,1
278.1,2,5,0.250,601.93,49.1,1
278.2,0,0,0.250,603.64,48.6,1
278.2,1,1,0.250,601.39,46.3,1
278.2,2,2,0.250,603.33,48.3,1
278.2,0,3,0.250,601.38,47.2,1
278.2,1,4,0.250,602.32,47.1,1
278.2,2,5,0.250,601.93,49.1,1
278.3,0,0,0.250,603.64,48.6,1
278.3,1,1,0.250,601.39,46.3,1
278.3,2,2,0.250,603.33,48.3,1
278.3,0,3,0.250,601.38,47.2,1
278.3,1,4,0.250,602.32,47.1,1
278.3,2,5,0.250,601.93,49.1,1
278.4,0,0,0.250,603.64,48.6,1
278.4,1,1,0.250,601.39,46.3,1
278.4,2,2,0.250,603.33,48.3,1
278.4,0,3,0.250,601.38,47.2,1
278.4,1,4,0.250,602.32,47.1,1
278.4,2,5,0.250,601.93,49.1,1
278.5,0,0,0.250,603.64,48.6,1
278.5,1,1,0.250,601.39,46.3,1
278.5,2,2,0.250,603.33,48.3,1
278.5,0,3,0.250,601.38,47.2,1
278.5,1,4,0.250,602.32,47.1,1
278.5,2,5,0.250,601.93,49.1,1
278.6,0,0,0.250,603.64,48.6,1
278.6,1,1,0.250,601.39,46.3,1
278.6,2,2,0.250,603.33,48.3,1
278.6,0,3,0.250,601.38,47.2,1
278.6,1,4,0.250,602.32,47.1,1
278.6,2,5,0.250,601.93,49.1,1
278.7,0,0,0.250,603.64,48.6,1
278.7,1,1,0.250,601.39,46.3,1
278.7,2,2,0.250,603.33,48.3,1
278.7,0,3,0.250,601.38,47.2,1
278.7,1,4,0.250,602.32,47.1,1
278.7,2,5,0.250,601.93,49.1,1
278.8,0,0,0.250,603.64,48.6,1
278.8,1,1,0.250,601.39,46.3,1
278.8,2,2,0.250,603.33,48.3,1
278.8,0,3,0.250,601.38,47.2,1
278.8,1,4,0.250,602.32,47.1,1
278.8,2,5,0.250,601.93,49.1,1
278.9,0,0,0.250,603.64,48.6,1
278.9,1,1,0.250,601.39,46.3,1
278.9,2,2,0.250,603.33,48.3,1
278.9,0,3,0.250,601.38,47.2,1
278.9,1,4,0.250,602.32,47.1,1
278.9,2,5,0.250,601.93,49.1,1
279.0,0,0,0.250,603.64,48.6,1
279.0,1,1,0.250,601.39,46.3,1
279.0,2,2,0.250,603.33,48.3,1
279.0,0,3,0.250,601.38,47.2,1
279.0,1,4,0.250,602.32,47.1,1
279.0,2,5,0.250,601.93,49.1,1
279.1,0,0,0.250,603.64,48.6,1
279.1,1,1,0.250,601.39,46.3,1
279.1,2,2,0.250,603.33,48.3,1
279.1,0,3,0.250,601.38,47.2,1
279.1,1,4,0.250,602.32,47.1,1
279.1,2,5,0.250,601.93,49.1,1
279.2,0,0,0.250,603.64,48.6,1
279.2,1,1,0.250,601.39,46.3,1
279.2,2,2,0.250,603.33,48.3,1
279.2,0,3,0.250,601.38,47.2,1
279.2,1,4,0.250,602.32,47.1,1
279.2,2,5,0.250,601.93,49.1,1
279.3,0,0,0.250,603.64,48.6,1
279.3,1,1,0.250,601.39,46.3,1
279.3,2,2,0.250,603.33,48.3,1
279.3,0,3,0.250,601.38,47.2,1
279.3,1,4,0.250,602.32,47.1,1
279.3,2,5,0.250,601.93,49.1,1
279.4,0,0,0.250,603.64,48.6,1
279.4,1,1,0.250,601.39,46.3,1
279.4,2,2,0.250,603.33,48.3,1
279.4,0,3,0.250,601.38,47.2,1
279.4,1,4,0.250,602.32,47.1,1
279.4,2,5,0.250,601.93,49.1,1
279.5,0,0,0.250,603.64,48.6,1
279.5,1,1,0.250,601.39,46.3,1
279.5,2,2,0.250,603.33,48.3,1
279.5,0,3,0.250,601.38,47.2,1
279.5,1,4,0.250,602.32,47.1,1
279.5,2,5,0.250,601.93,49.1,1
279.6,0,0,0.250,603.64,48.6,1
279.6,1,1,0.250,601.39,46.3,1
279.6,2,2,0.250,603.33,48.3,1
279.6,0,3,0.250,601.38,47.2,1
279.6,1,4,0.250,602.32,47.1,1
279.6,2,5,0.250,601.93,49.1,1
279.7,0,0,0.250,603.64,48.6,1
279.7,1,1,0.250,601.39,46.3,1
279.7,2,2,0.250,603.33,48.3,1
279.7,0,3,0.250,601.38,47.2,1
279.7,1,4,0.250,602.32,47.1,1
279.7,2,5,0.250,601.93,49.1,1
279.8,0,0,0.250,603.64,48.6,1
279.8,1,1,0.250,601.39,46.3,1
279.8,2,2,0.250,603.33,48.3,1
279.8,0,3,0.250,601.38,47.2,1
279.8,1,4,0.250,602.32,47.1,1
279.8,2,5,0.250,601.93,49.1,1
279.9,0,0,0.250,603.64,48.6,1
279.9,1,1,0.250,601.39,46.3,1
279.9,2,2,0.250,603.33,48.3,1
279.9,0,3,0.250,601.38,47.2,1
279.9,1,4,0.250,602.32,47.1,1
279.9,2,5,0.250,601.93,49.1,1
280.0,0,0,0.250,603.64,48.6,1
280.0,1,1,0.250,601.39,46.3,1
280.0,2,2,0.250,603.33,48.3,1
280.0,0,3,0.250,601.38,47.2,1
280.0,1,4,0.250,602.32,47.1,1
280.0,2,5,0.250,601.93,49.1,1
280.1,0,0,0.250,603.64,48.6,1
280.1,1,1,0.250,601.39,46.3,1
280.1,2,2,0.250,603.33,48.3,1
280.1,0,3,0.250,601.38,47.2,1
280.1,1,4,0.250,602.32,47.1,1
280.1,2,5,0.250,601.93,49.1,1
280.2,0,0,0.250,603.64,48.6,1
280.2,1,1,0.250,601.39,46.3,1
280.2,2,2,0.250,603.33,48.3,1
280.2,0,3,0.250,601.38,47.2,1
280.2,1,4,0.250,602.32,47.1,1
280.2,2,5,0.250,601.93,49.1,1
280.3,0,0,0.250,603.64,48.6,1
280.3,1,1,0.250,601.39,46.3,1
280.3,2,2,0.250,603.33,48.3,1
280.3,0,3,0.250,601.38,47.2,1
280.3,1,4,0.250,602.32,47.1,1
280.3,2,5,0.250,601.93,49.1,1
280.4,0,0,0.250,603.64,48.6,1
280.4,1,1,0.250,601.39,46.3,1
280.4,2,2,0.250,603.33,48.3,1
280.4,0,3,0.250,601.38,47.2,1
280.4,1,4,0.250,602.32,47.1,1
280.4,2,5,0.250,601.93,49.1,1
280.5,0,0,0.250,603.64,48.6,1
280.5,1,1,0.250,601.39,46.3,1
280.5,2,2,0.250,603.33,48.3,1
280.5,0,3,0.250,601.38,47.2,1
280.5,1,4,0.250,602.32,47.1,1
280.5,2,5,0.250,601.93,49.1,1
280.6,0,0,0.250,603.64,48.6,1
280.6,1,1,0.250,601.39,46.3,1
280.6,2,2,0.250,603.33,48.3,1
280.6,0,3,0.250,601.38,47.2,1
280.6,1,4,0.250,602.32,47.1,1
280.6,2,5,0.250,601.93,49.1,1
280.7,0,0,0.250,603.64,48.6,1
280.7,1,1,0.250,601.39,46.3,1
280.7,2,2,0.250,603.33,48.3,1
280.7,0,3,0.250,601.38,47.2,1
280.7,1,4,0.250,602.32,47.1,1
280.7,2,5,0.250,601.93,49.1,1
280.8,0,0,0.250,603.64,48.6,1
280.8,1,1,0.250,601.39,46.3,1
280.8,2,2,0.250,603.33,48.3,1
280.8,0,3,0.250,601.38,47.2,1
280.8,1,4,0.250,602.32,47.1,1
280.8,2,5,0.250,601.93,49.1,1
280.9,0,0,0.250,603.64,48.6,1
280.9,1,1,0.250,601.39,46.3,1
280.9,2,2,0.250,603.33,48.3,1
280.9,0,3,0.250,601.38,47.2,1
280.9,1,4,0.250,602.32,47.1,1
280.9,2,5,0.250,601.93,49.1,1
281.0,0,0,0.250,603.64,48.6,1
281.0,1,1,0.250,601.39,46.3,1
281.0,2,2,0.250,603.33,48.3,1
281.0,0,3,0.250,601.38,47.2,1
281.0,1,4,0.250,602.32,47.1,1
281.0,2,5,0.250,601.93,49.1,1
281.1,0,0,0.250,603.64,48.6,1
281.1,1,1,0.250,601.39,46.3,1
281.1,2,2,0.250,603.33,48.3,1
281.1,0,3,0.250,601.38,47.2,1
281.1,1,4,0.250,602.32,47.1,1
281.1,2,5,0.250,601.93,49.1,1
281.2,0,0,0.250,603.64,48.6,1
281.2,1,1,0.250,601.39,46.3,1
281.2,2,2,0.250,603.33,48.3,1
281.2,0,3,0.250,601.38,47.2,1
281.2,1,4,0.250,602.32,47.1,1
281.2,2,5,0.250,601.93,49.1,1
281.3,0,0,0.250,603.64,48.6,1
281.3,1,1,0.250,601.39,46.3,1
281.3,2,2,0.250,603.33,48.3,1
281.3,0,3,0.250,601.38,47.2,1
281.3,1,4,0.250,602.32,47.1,1
281.3,2,5,0.250,601.93,49.1,1
281.4,0,0,0.250,603.64,48.6,1
281.4,1,1,0.250,601.39,46.3,1
281.4,2,2,0.250,603.33,48.3,1
281.4,0,3,0.250,601.38,47.2,1
281.4,1,4,0.250,602.32,47.1,1
281.4,2,5,0.250,601.93,49.1,1
281.5,0,0,0.250,603.64,48.6,1
281.5,1,1,0.250,601.39,46.3,1
281.5,2,2,0.250,603.33,48.3,1
281.5,0,3,0.250,601.38,47.2,1
281.5,1,4,0.250,602.32,47.1,1
281.5,2,5,0.250,601.93,49.1,1
281.6,0,0,0.250,603.64,48.6,1
281.6,1,1,0.250,601.39,46.3,1
281.6,2,2,0.250,603.33,48.3,1
281.6,0,3,0.250,601.38,47.2,1
281.6,1,4,0.250,602.32,47.1,1
281.6,2,5,0.250,601.93,49.1,1
281.7,0,0,0.250,603.64,48.6,1
281.7,1,1,0.250,601.39,46.3,1
281.7,2,2,0.250,603.33,48.3,1
281.7,0,3,0.250,601.38,47.2,1
281.7,1,4,0.250,602.32,47.1,1
281.7,2,5,0.250,601.93,49.1,1
281.8,0,0,0.250,603.64,48.6,1
281.8,1,1,0.250,601.39,46.3,1
281.8,2,2,0.250,603.33,48.3,1
281.8,0,3,0.250,601.38,47.2,1
281.8,1,4,0.250,602.32,47.1,1
281.8,2,5,0.250,601.93,49.1,1
281.9,0,0,0.250,603.64,48.6,1
281.9,1,1,0.250,601.39,46.3,1
281.9,2,2,0.250,603.33,48.3,1
281.9,0,3,0.250,601.38,47.2,1
281.9,1,4,0.250,602.32,47.1,1
281.9,2,5,0.250,601.93,49.1,1
282.0,0,0,0.250,603.64,48.6,1
282.0,1,1,0.250,601.39,46.3,1
282.0,2,2,0.250,603.33,48.3,1
282.0,0,3,0.250,601.38,47.2,1
282.0,1,4,0.250,602.32,47.1,1
282.0,2,5,0.250,601.93,49.1,1
282.1,0,0,0.250,603.64,48.6,1
282.1,1,1,0.250,601.39,46.3,1
282.1,2,2,0.250,603.33,48.3,1
282.1,0,3,0.250,601.38,47.2,1
282.1,1,4,0.250,602.32,47.1,1
282.1,2,5,0.250,601.93,49.1,1
282.2,0,0,0.250,603.64,48.6,1
282.2,1,1,0.250,601.39,46.3,1
282.2,2,2,0.250,603.33,48.3,1
282.2,0,3,0.250,601.38,47.2,1
282.2,1,4,0.250,602.32,47.1,1
282.2,2,5,0.250,601.93,49.1,1
282.3,0,0,0.250,603.64,48.6,1
282.3,1,1,0.250,601.39,46.3,1
282.3,2,2,0.250,603.33,48.3,1
282.3,0,3,0.250,601.38,47.2,1
282.3,1,4,0.250,602.32,47.1,1
282.3,2,5,0.250,601.93,49.1,1
282.4,0,0,0.250,603.64,48.6,1
282.4,1,1,0.250,601.39,46.3,1
282.4,2,2,0.250,603.33,48.3,1
282.4,0,3,0.250,601.38,47.2,1
282.4,1,4,0.250,602.32,47.1,1
282.4,2,5,0.250,601.93,49.1,1
282.5,0,0,0.250,603.64,48.6,1
282.5,1,1,0.250,601.39,46.3,1
282.5,2,2,0.250,603.33,48.3,1
282.5,0,3,0.250,601.38,47.2,1
282.5,1,4,0.250,602.32,47.1,1
282.5,2,5,0.250,601.93,49.1,1
282.6,0,0,0.250,603.64,48.6,1
282.6,1,1,0.250,601.39,46.3,1
282.6,2,2,0.250,603.33,48.3,1
282.6,0,3,0.250,601.38,47.2,1
282.6,1,4,0.250,602.32,47.1,1
282.6,2,5,0.250,601.93,49.1,1
282.7,0,0,0.250,603.64,48.6,1
282.7,1,1,0.250,601.39,46.3,1
282.7,2,2,0.250,603.33,48.3,1
282.7,0,3,0.250,601.38,47.2,1
282.7,1,4,0.250,602.32,47.1,1
282.7,2,5,0.250,601.93,49.1,1
282.8,0,0,0.250,603.64,48.6,1
282.8,1,1,0.250,601.39,46.3,1
282.8,2,2,0.250,603.33,48.3,1
282.8,0,3,0.250,601.38,47.2,1
282.8,1,4,0.250,602.32,47.1,1
282.8,2,5,0.250,601.93,49.1,1
282.9,0,0,0.250,603.64,48.6,1
282.9,1,1,0.250,601.39,46.3,1
282.9,2,2,0.250,603.33,48.3,1
282.9,0,3,0.250,601.38,47.2,1
282.9,1,4,0.250,602.32,47.1,1
282.9,2,5,0.250,601.93,49.1,1
283.0,0,0,0.250,603.64,48.6,1
283.0,1,1,0.250,601.39,46.3,1
283.0,2,2,0.250,603.33,48.3,1
283.0,0,3,0.250,601.38,47.2,1
283.0,1,4,0.250,602.32,47.1,1
283.0,2,5,0.250,601.93,49.1,1
283.1,0,0,0.250,603.64,48.6,1
283.1,1,1,0.250,601.39,46.3,1
283.1,2,2,0.250,603.33,48.3,1
283.1,0,3,0.250,601.38,47.2,1
283.1,1,4,0.250,602.32,47.1,1
283.1,2,5,0.250,601.93,49.1,1
283.2,0,0,0.250,603.64,48.6,1
283.2,1,1,0.250,601.39,46.3,1
283.2,2,2,0.250,603.33,48.3,1
283.2,0,3,0.250,601.38,47.2,1
283.2,1,4,0.250,602.32,47.1,1
283.2,2,5,0.250,601.93,49.1,1
283.3,0,0,0.250,603.64,48.6,1
283.3,1,1,0.250,601.39,46.3,1
283.3,2,2,0.250,603.33,48.3,1
283.3,0,3,0.250,601.38,47.2,1
283.3,1,4,0.250,602.32,47.1,1
283.3,2,5,0.250,601.93,49.1,1
283.4,0,0,0.250,603.64,48.6,1
283.4,1,1,0.250,601.39,46.3,1
283.4,2,2,0.250,603.33,48.3,1
283.4,0,3,0.250,601.38,47.2,1
283.4,1,4,0.250,602.32,47.1,1
283.4,2,5,0.250,601.93,49.1,1
283.5,0,0,0.250,603.64,48.6,1
283.5,1,1,0.250,601.39,46.3,1
283.5,2,2,0.250,603.33,48.3,1
283.5,0,3,0.250,601.38,47.2,1
283.5,1,4,0.250,602.32,47.1,1
283.5,2,5,0.250,601.93,49.1,1
283.6,0,0,0.250,603.64,48.6,1
283.6,1,1,0.250,601.39,46.3,1
283.6,2,2,0.250,603.33,48.3,1
283.6,0,3,0.250,601.38,47.2,1
283.6,1,4,0.250,602.32,47.1,1
283.6,2,5,0.250,601.93,49.1,1
283.7,0,0,0.250,603.64,48.6,1
283.7,1,1,0.250,601.39,46.3,1
283.7,2,2,0.250,603.33,48.3,1
283.7,0,3,0.250,601.38,47.2,1
283.7,1,4,0.250,602.32,47.1,1
283.7,2,5,0.250,601.93,49.1,1
283.8,0,0,0.250,603.64,48.6,1
283.8,1,1,0.250,601.39,46.3,1
283.8,2,2,0.250,603.33,48.3,1
283.8,0,3,0.250,601.38,47.2,1
283.8,1,4,0.250,602.32,47.1,1
283.8,2,5,0.250,601.93,49.1,1
283.9,0,0,0.250,603.64,48.6,1
283.9,1,1,0.250,601.39,46.3,1
283.9,2,2,0.250,603.33,48.3,1
283.9,0,3,0.250,601.38,47.2,1
283.9,1,4,0.250,602.32,47.1,1
283.9,2,5,0.250,601.93,49.1,1
284.0,0,0,0.250,603.64,48.6,1
284.0,1,1,0.250,601.39,46.3,1
284.0,2,2,0.250,603.33,48.3,1
284.0,0,3,0.250,601.38,47.2,1
284.0,1,4,0.250,602.32,47.1,1
284.0,2,5,0.250,601.93,49.1,1
284.1,0,0,0.250,603.64,48.6,1
284.1,1,1,0.250,601.39,46.3,1
284.1,2,2,0.250,603.33,48.3,1
284.1,0,3,0.250,601.38,47.2,1
284.1,1,4,0.250,602.32,47.1,1
284.1,2,5,0.250,601.93,49.1,1
284.2,0,0,0.250,603.64,48.6,1
284.2,1,1,0.250,601.39,46.3,1
284.2,2,2,0.250,603.33,48.3,1
284.2,0,3,0.250,601.38,47.2,1
284.2,1,4,0.250,602.32,47.1,1
284.2,2,5,0.250,601.93,49.1,1
284.3,0,0,0.250,603.64,48.6,1
284.3,1,1,0.250,601.39,46.3,1
284.3,2,2,0.250,603.33,48.3,1
284.3,0,3,0.250,601.38,47.2,1
284.3,1,4,0.250,602.32,47.1,1
284.3,2,5,0.250,601.93,49.1,1
284.4,0,0,0.250,603.64,48.6,1
284.4,1,1,0.250,601.39,46.3,1
284.4,2,2,0.250,603.33,48.3,1
284.4,0,3,0.250,601.38,47.2,1
284.4,1,4,0.250,602.32,47.1,1
284.4,2,5,0.250,601.93,49.1,1
284.5,0,0,0.250,603.64,48.6,1
284.5,1,1,0.250,601.39,46.3,1
284.5,2,2,0.250,603.33,48.3,1
284.5,0,3,0.250,601.38,47.2,1
284.5,1,4,0.250,602.32,47.1,1
284.5,2,5,0.250,601.93,49.1,1
284.6,0,0,0.250,603.64,48.6,1
284.6,1,1,0.250,601.39,46.3,1
284.6,2,2,0.250,603.33,48.3,1
284.6,0,3,0.250,601.38,47.2,1
284.6,1,4,0.250,602.32,47.1,1
284.6,2,5,0.250,601.93,49.1,1
284.7,0,0,0.250,603.64,48.6,1
284.7,1,1,0.250,601.39,46.3,1
284.7,2,2,0.250,603.33,48.3,1
284.7,0,3,0.250,601.38,47.2,1
284.7,1,4,0.250,602.32,47.1,1
284.7,2,5,0.250,601.93,49.1,1
284.8,0,0,0.250,603.64,48.6,1
284.8,1,1,0.250,601.39,46.3,1
284.8,2,2,0.250,603.33,48.3,1
284.8,0,3,0.250,601.38,47.2,1
284.8,1,4,0.250,602.32,47.1,1
284.8,2,5,0.250,601.93,49.1,1
284.9,0,0,0.250,603.64,48.6,1
284.9,1,1,0.250,601.39,46.3,1
284.9,2,2,0.250,603.33,48.3,1
284.9,0,3,0.250,601.38,47.2,1
284.9,1,4,0.250,602.32,47.1,1
284.9,2,5,0.250,601.93,49.1,1
285.0,0,0,0.250,603.64,48.6,1
285.0,1,1,0.250,601.39,46.3,1
285.0,2,2,0.250,603.33,48.3,1
285.0,0,3,0.250,601.38,47.2,1
285.0,1,4,0.250,602.32,47.1,1
285.0,2,5,0.250,601.93,49.1,1
285.1,0,0,0.250,603.64,48.6,1
285.1,1,1,0.250,601.39,46.3,1
285.1,2,2,0.250,603.33,48.3,1
285.1,0,3,0.250,601.38,47.2,1
285.1,1,4,0.250,602.32,47.1,1
285.1,2,5,0.250,601.93,49.1,1
285.2,0,0,0.250,603.64,48.6,1
285.2,1,1,0.250,601.39,46.3,1
285.2,2,2,0.250,603.33,48.3,1
285.2,0,3,0.250,601.38,47.2,1
285.2,1,4,0.250,602.32,47.1,1
285.2,2,5,0.250,601.93,49.1,1
285.3,0,0,0.250,603.64,48.6,1
285.3,1,1,0.250,601.39,46.3,1
285.3,2,2,0.250,603.33,48.3,1
285.3,0,3,0.250,601.38,47.2,1
285.3,1,4,0.250,602.32,47.1,1
285.3,2,5,0.250,601.93,49.1,1
285.4,0,0,0.250,603.64,48.6,1
285.4,1,1,0.250,601.39,46.3,1
285.4,2,2,0.250,603.33,48.3,1
285.4,0,3,0.250,601.38,47.2,1
285.4,1,4,0.250,602.32,47.1,1
285.4,2,5,0.250,601.93,49.1,1
285.5,0,0,0.250,603.64,48.6,1
285.5,1,1,0.250,601.39,46.3,1
285.5,2,2,0.250,603.33,48.3,1
285.5,0,3,0.250,601.38,47.2,1
285.5,1,4,0.250,602.32,47.1,1
285.5,2,5,0.250,601.93,49.1,1
285.6,0,0,0.250,603.64,48.6,1
285.6,1,1,0.250,601.39,46.3,1
285.6,2,2,0.250,603.33,48.3,1
285.6,0,3,0.250,601.38,47.2,1
285.6,1,4,0.250,602.32,47.1,1
285.6,2,5,0.250,601.93,49.1,1
285.7,0,0,0.250,603.64,48.6,1
285.7,1,1,0.250,601.39,46.3,1
285.7,2,2,0.250,603.33,48.3,1
285.7,0,3,0.250,601.38,47.2,1
285.7,1,4,0.250,602.32,47.1,1
285.7,2,5,0.250,601.93,49.1,1
285.8,0,0,0.250,603.64,48.6,1
285.8,1,1,0.250,601.39,46.3,1
285.8,2,2,0.250,603.33,48.3,1
285.8,0,3,0.250,601.38,47.2,1
285.8,1,4,0.250,602.32,47.1,1
285.8,2,5,0.250,601.93,49.1,1
285.9,0,0,0.250,603.64,48.6,1
285.9,1,1,0.250,601.39,46.3,1
285.9,2,2,0.250,603.33,48.3,1
285.9,0,3,0.250,601.38,47.2,1
285.9,1,4,0.250,602.32,47.1,1
285.9,2,5,0.250,601.93,49.1,1
286.0,0,0,0.250,603.64,48.6,1
286.0,1,1,0.250,601.39,46.3,1
286.0,2,2,0.250,603.33,48.3,1
286.0,0,3,0.250,601.38,47.2,1
286.0,1,4,0.250,602.32,47.1,1
286.0,2,5,0.250,601.93,49.1,1
286.1,0,0,0.250,603.64,48.6,1
286.1,1,1,0.250,601.39,46.3,1
286.1,2,2,0.250,603.33,48.3,1
286.1,0,3,0.250,601.38,47.2,1
286.1,1,4,0.250,602.32,47.1,1
286.1,2,5,0.250,601.93,49.1,1
286.2,0,0,0.250,603.64,48.6,1
286.2,1,1,0.250,601.39,46.3,1
286.2,2,2,0.250,603.33,48.3,1
286.2,0,3,0.250,601.38,47.2,1
286.2,1,4,0.250,602.32,47.1,1
286.2,2,5,0.250,601.93,49.1,1
286.3,0,0,0.250,603.64,48.6,1
286.3,1,1,0.250,601.39,46.3,1
286.3,2,2,0.250,603.33,48.3,1
286.3,0,3,0.250,601.38,47.2,1
286.3,1,4,0.250,602.32,47.1,1
286.3,2,5,0.250,601.93,49.1,1
286.4,0,0,0.250,603.64,48.6,1
286.4,1,1,0.250,601.39,46.3,1
286.4,2,2,0.250,603.33,48.3,1
286.4,0,3,0.250,601.38,47.2,1
286.4,1,4,0.250,602.32,47.1,1
286.4,2,5,0.250,601.93,49.1,1
286.5,0,0,0.250,603.64,48.6,1
286.5,1,1,0.250,601.39,46.3,1
286.5,2,2,0.250,603.33,48.3,1
286.5,0,3,0.250,601.38,47.2,1
286.5,1,4,0.250,602.32,47.1,1
286.5,2,5,0.250,601.93,49.1,1
286.6,0,0,0.250,603.64,48.6,1
286.6,1,1,0.250,601.39,46.3,1
286.6,2,2,0.250,603.33,48.3,1
286.6,0,3,0.250,601.38,47.2,1
286.6,1,4,0.250,602.32,47.1,1
286.6,2,5,0.250,601.93,49.1,1
286.7,0,0,0.250,603.64,48.6,1
286.7,1,1,0.250,601.39,46.3,1
286.7,2,2,0.250,603.33,48.3,1
286.7,0,3,0.250,601.38,47.2,1
286.7,1,4,0.250,602.32,47.1,1
286.7,2,5,0.250,601.93,49.1,1
286.8,0,0,0.250,603.64,48.6,1
286.8,1,1,0.250,601.39,46.3,1
286.8,2,2,0.250,603.33,48.3,1
286.8,0,3,0.250,601.38,47.2,1
286.8,1,4,0.250,602.32,47.1,1
286.8,2,5,0.250,601.93,49.1,1
286.9,0,0,0.250,603.64,48.6,1
286.9,1,1,0.250,601.39,46.3,1
286.9,2,2,0.250,603.33,48.3,1
286.9,0,3,0.250,601.38,47.2,1
286.9,1,4,0.250,602.32,47.1,1
286.9,2,5,0.250,601.93,49.1,1
287.0,0,0,0.250,603.64,48.6,1
287.0,1,1,0.250,601.39,46.3,1
287.0,2,2,0.250,603.33,48.3,1
287.0,0,3,0.250,601.38,47.2,1
287.0,1,4,0.250,602.32,47.1,1
287.0,2,5,0.250,601.93,49.1,1
287.1,0,0,0.250,603.64,48.6,1
287.1,1,1,0.250,601.39,46.3,1
287.1,2,2,0.250,603.33,48.3,1
287.1,0,3,0.250,601.38,47.2,1
287.1,1,4,0.250,602.32,47.1,1
287.1,2,5,0.250,601.93,49.1,1
287.2,0,0,0.250,603.64,48.6,1
287.2,1,1,0.250,601.39,46.3,1
287.2,2,2,0.250,603.33,48.3,1
287.2,0,3,0.250,601.38,47.2,1
287.2,1,4,0.250,602.32,47.1,1
287.2,2,5,0.250,601.93,49.1,1
287.3,0,0,0.250,603.64,48.6,1
287.3,1,1,0.250,601.39,46.3,1
287.3,2,2,0.250,603.33,48.3,1
287.3,0,3,0.250,601.38,47.2,1
287.3,1,4,0.250,602.32,47.1,1
287.3,2,5,0.250,601.93,49.1,1
287.4,0,0,0.250,603.64,48.6,1
287.4,1,1,0.250,601.39,46.3,1
287.4,2,2,0.250,603.33,48.3,1
287.4,0,3,0.250,601.38,47.2,1
287.4,1,4,0.250,602.32,47.1,1
287.4,2,5,0.250,601.93,49.1,1
287.5,0,0,0.250,603.64,48.6,1
287.5,1,1,0.250,601.39,46.3,1
287.5,2,2,0.250,603.33,48.3,1
287.5,0,3,0.250,601.38,47.2,1
287.5,1,4,0.250,602.32,47.1,1
287.5,2,5,0.250,601.93,49.1,1
287.6,0,0,0.250,603.64,48.6,1
287.6,1,1,0.250,601.39,46.3,1
287.6,2,2,0.250,603.33,48.3,1
287.6,0,3,0.250,601.38,47.2,1
287.6,1,4,0.250,602.32,47.1,1
287.6,2,5,0.250,601.93,49.1,1
287.7,0,0,0.250,603.64,48.6,1
287.7,1,1,0.250,601.39,46.3,1
287.7,2,2,0.250,603.33,48.3,1
287.7,0,3,0.250,601.38,47.2,1
287.7,1,4,0.250,602.32,47.1,1
287.7,2,5,0.250,601.93,49.1,1
287.8,0,0,0.250,603.64,48.6,1
287.8,1,1,0.250,601.39,46.3,1
287.8,2,2,0.250,603.33,48.3,1
287.8,0,3,0.250,601.38,47.2,1
287.8,1,4,0.250,602.32,47.1,1
287.8,2,5,0.250,601.93,49.1,1
287.9,0,0,0.250,603.64,48.6,1
287.9,1,1,0.250,601.39,46.3,1
287.9,2,2,0.250,603.33,48.3,1
287.9,0,3,0.250,601.38,47.2,1
287.9,1,4,0.250,602.32,47.1,1
287.9,2,5,0.250,601.93,49.1,1
288.0,0,0,0.250,603.64,48.6,1
288.0,1,1,0.250,601.39,46.3,1
288.0,2,2,0.250,603.33,48.3,1
288.0,0,3,0.250,601.38,47.2,1
288.0,1,4,0.250,602.32,47.1,1
288.0,2,5,0.250,601.93,49.1,1
288.1,0,0,0.250,603.64,48.6,1
288.1,1,1,0.250,601.39,46.3,1
288.1,2,2,0.250,603.33,48.3,1
288.1,0,3,0.250,601.38,47.2,1
288.1,1,4,0.250,602.32,47.1,1
288.1,2,5,0.250,601.93,49.1,1
288.2,0,0,0.250,603.64,48.6,1
288.2,1,1,0.250,601.39,46.3,1
288.2,2,2,0.250,603.33,48.3,1
288.2,0,3,0.250,601.38,47.2,1
288.2,1,4,0.250,602.32,47.1,1
288.2,2,5,0.250,601.93,49.1,1
288.3,0,0,0.250,603.64,48.6,1
288.3,1,1,0.250,601.39,46.3,1
288.3,2,2,0.250,603.33,48.3,1
288.3,0,3,0.250,601.38,47.2,1
288.3,1,4,0.250,602.32,47.1,1
288.3,2,5,0.250,601.93,49.1,1
288.4,0,0,0.250,603.64,48.6,1
288.4,1,1,0.250,601.39,46.3,1
288.4,2,2,0.250,603.33,48.3,1
288.4,0,3,0.250,601.38,47.2,1
288.4,1,4,0.250,602.32,47.1,1
288.4,2,5,0.250,601.93,49.1,1
288.5,0,0,0.250,603.64,48.6,1
288.5,1,1,0.250,601.39,46.3,1
288.5,2,2,0.250,603.33,48.3,1
288.5,0,3,0.250,601.38,47.2,1
288.5,1,4,0.250,602.32,47.1,1
288.5,2,5,0.250,601.93,49.1,1
288.6,0,0,0.250,603.64,48.6,1
288.6,1,1,0.250,601.39,46.3,1
288.6,2,2,0.250,603.33,48.3,1
288.6,0,3,0.250,601.38,47.2,1
288.6,1,4,0.250,602.32,47.1,1
288.6,2,5,0.250,601.93,49.1,1
288.7,0,0,0.250,603.64,48.6,1
288.7,1,1,0.250,601.39,46.3,1
288.7,2,2,0.250,603.33,48.3,1
288.7,0,3,0.250,601.38,47.2,1
288.7,1,4,0.250,602.32,47.1,1
288.7,2,5,0.250,601.93,49.1,1
288.8,0,0,0.250,603.64,48.6,1
288.8,1,1,0.250,601.39,46.3,1
288.8,2,2,0.250,603.33,48.3,1
288.8,0,3,0.250,601.38,47.2,1
288.8,1,4,0.250,602.32,47.1,1
288.8,2,5,0.250,601.93,49.1,1
288.9,0,0,0.250,603.64,48.6,1
288.9,1,1,0.250,601.39,46.3,1
288.9,2,2,0.250,603.33,48.3,1
288.9,0,3,0.250,601.38,47.2,1
288.9,1,4,0.250,602.32,47.1,1
288.9,2,5,0.250,601.93,49.1,1
289.0,0,0,0.250,603.64,48.6,1
289.0,1,1,0.250,601.39,46.3,1
289.0,2,2,0.250,603.33,48.3,1
289.0,0,3,0.250,601.38,47.2,1
289.0,1,4,0.250,602.32,47.1,1
289.0,2,5,0.250,601.93,49.1,1
289.1,0,0,0.250,603.64,48.6,1
289.1,1,1,0.250,601.39,46.3,1
289.1,2,2,0.250,603.33,48.3,1
289.1,0,3,0.250,601.38,47.2,1
289.1,1,4,0.250,602.32,47.1,1
289.1,2,5,0.250,601.93,49.1,1
289.2,0,0,0.250,603.64,48.6,1
289.2,1,1,0.250,601.39,46.3,1
289.2,2,2,0.250,603.33,48.3,1
289.2,0,3,0.250,601.38,47.2,1
289.2,1,4,0.250,602.32,47.1,1
289.2,2,5,0.250,601.93,49.1,1
289.3,0,0,0.250,603.64,48.6,1
289.3,1,1,0.250,601.39,46.3,1
289.3,2,2,0.250,603.33,48.3,1
289.3,0,3,0.250,601.38,47.2,1
289.3,1,4,0.250,602.32,47.1,1
289.3,2,5,0.250,601.93,49.1,1
289.4,0,0,0.250,603.64,48.6,1
289.4,1,1,0.250,601.39,46.3,1
289.4,2,2,0.250,603.33,48.3,1
289.4,0,3,0.250,601.38,47.2,1
289.4,1,4,0.250,602.32,47.1,1
289.4,2,5,0.250,601.93,49.1,1
289.5,0,0,0.250,603.64,48.6,1
289.5,1,1,0.250,601.39,46.3,1
289.5,2,2,0.250,603.33,48.3,1
289.5,0,3,0.250,601.38,47.2,1
289.5,1,4,0.250,602.32,47.1,1
289.5,2,5,0.250,601.93,49.1,1
289.6,0,0,0.250,603.64,48.6,1
289.6,1,1,0.250,601.39,46.3,1
289.6,2,2,0.250,603.33,48.3,1
289.6,0,3,0.250,601.38,47.2,1
289.6,1,4,0.250,602.32,47.1,1
289.6,2,5,0.250,601.93,49.1,1
289.7,0,0,0.250,603.64,48.6,1
289.7,1,1,0.250,601.39,46.3,1
289.7,2,2,0.250,603.33,48.3,1
289.7,0,3,0.250,601.38,47.2,1
289.7,1,4,0.250,602.32,47.1,1
289.7,2,5,0.250,601.93,49.1,1
289.8,0,0,0.250,603.64,48.6,1
289.8,1,1,0.250,601.39,46.3,1
289.8,2,2,0.250,603.33,48.3,1
289.8,0,3,0.250,601.38,47.2,1
289.8,1,4,0.250,602.32,47.1,1
289.8,2,5,0.250,601.93,49.1,1
289.9,0,0,0.250,603.64,48.6,1
289.9,1,1,0.250,601.39,46.3,1
289.9,2,2,0.250,603.33,48.3,1
289.9,0,3,0.250,601.38,47.2,1
289.9,1,4,0.250,602.32,47.1,1
289.9,2,5,0.250,601.93,49.1,1
290.0,0,0,0.250,603.64,48.6,1
290.0,1,1,0.250,601.39,46.3,1
290.0,2,2,0.250,603.33,48.3,1
290.0,0,3,0.250,601.38,47.2,1
290.0,1,4,0.250,602.32,47.1,1
290.0,2,5,0.250,601.93,49.1,1
290.1,0,0,0.250,603.64,48.6,1
290.1,1,1,0.250,601.39,46.3,1
290.1,2,2,0.250,603.33,48.3,1
290.1,0,3,0.250,601.38,47.2,1
290.1,1,4,0.250,602.32,47.1,1
290.1,2,5,0.250,601.93,49.1,1
290.2,0,0,0.250,603.64,48.6,1
290.2,1,1,0.250,601.39,46.3,1
290.2,2,2,0.250,603.33,48.3,1
290.2,0,3,0.250,601.38,47.2,1
290.2,1,4,0.250,602.32,47.1,1
290.2,2,5,0.250,601.93,49.1,1
290.3,0,0,0.250,603.64,48.6,1
290.3,1,1,0.250,601.39,46.3,1
290.3,2,2,0.250,603.33,48.3,1
290.3,0,3,0.250,601.38,47.2,1
290.3,1,4,0.250,602.32,47.1,1
290.3,2,5,0.250,601.93,49.1,1
290.4,0,0,0.250,603.64,48.6,1
290.4,1,1,0.250,601.39,46.3,1
290.4,2,2,0.250,603.33,48.3,1
290.4,0,3,0.250,601.38,47.2,1
290.4,1,4,0.250,602.32,47.1,1
290.4,2,5,0.250,601.93,49.1,1
290.5,0,0,0.250,603.64,48.6,1
290.5,1,1,0.250,601.39,46.3,1
290.5,2,2,0.250,603.33,48.3,1
290.5,0,3,0.250,601.38,47.2,1
290.5,1,4,0.250,602.32,47.1,1
290.5,2,5,0.250,601.93,49.1,1
290.6,0,0,0.250,603.64,48.6,1
290.6,1,1,0.250,601.39,46.3,1
290.6,2,2,0.250,603.33,48.3,1
290.6,0,3,0.250,601.38,47.2,1
290.6,1,4,0.250,602.32,47.1,1
290.6,2,5,0.250,601.93,49.1,1
290.7,0,0,0.250,603.64,48.6,1
290.7,1,1,0.250,601.39,46.3,1
290.7,2,2,0.250,603.33,48.3,1
290.7,0,3,0.250,601.38,47.2,1
290.7,1,4,0.250,602.32,47.1,1
290.7,2,5,0.250,601.93,49.1,1
290.8,0,0,0.250,603.64,48.6,1
290.8,1,1,0.250,601.39,46.3,1
290.8,2,2,0.250,603.33,48.3,1
290.8,0,3,0.250,601.38,47.2,1
290.8,1,4,0.250,602.32,47.1,1
290.8,2,5,0.250,601.93,49.1,1
290.9,0,0,0.250,603.64,48.6,1
290.9,1,1,0.250,601.39,46.3,1
290.9,2,2,0.250,603.33,48.3,1
290.9,0,3,0.250,601.38,47.2,1
290.9,1,4,0.250,602.32,47.1,1
290.9,2,5,0.250,601.93,49.1,1
291.0,0,0,0.250,603.64,48.6,1
291.0,1,1,0.250,601.39,46.3,1
291.0,2,2,0.250,603.33,48.3,1
291.0,0,3,0.250,601.38,47.2,1
291.0,1,4,0.250,602.32,47.1,1
291.0,2,5,0.250,601.93,49.1,1
291.1,0,0,0.250,603.64,48.6,1
291.1,1,1,0.250,601.39,46.3,1
291.1,2,2,0.250,603.33,48.3,1
291.1,0,3,0.250,601.38,47.2,1
291.1,1,4,0.250,602.32,47.1,1
291.1,2,5,0.250,601.93,49.1,1
291.2,0,0,0.250,603.64,48.6,1
291.2,1,1,0.250,601.39,46.3,1
291.2,2,2,0.250,603.33,48.3,1
291.2,0,3,0.250,601.38,47.2,1
291.2,1,4,0.250,602.32,47.1,1
291.2,2,5,0.250,601.93,49.1,1
291.3,0,0,0.250,603.64,48.6,1
291.3,1,1,0.250,601.39,46.3,1
291.3,2,2,0.250,603.33,48.3,1
291.3,0,3,0.250,601.38,47.2,1
291.3,1,4,0.250,602.32,47.1,1
291.3,2,5,0.250,601.93,49.1,1
291.4,0,0,0.250,603.64,48.6,1
291.4,1,1,0.250,601.39,46.3,1
291.4,2,2,0.250,603.33,48.3,1
291.4,0,3,0.250,601.38,47.2,1
291.4,1,4,0.250,602.32,47.1,1
291.4,2,5,0.250,601.93,49.1,1
291.5,0,0,0.250,603.64,48.6,1
291.5,1,1,0.250,601.39,46.3,1
291.5,2,2,0.250,603.33,48.3,1
291.5,0,3,0.250,601.38,47.2,1
291.5,1,4,0.250,602.32,47.1,1
291.5,2,5,0.250,601.93,49.1,1
291.6,0,0,0.250,603.64,48.6,1
291.6,1,1,0.250,601.39,46.3,1
291.6,2,2,0.250,603.33,48.3,1
291.6,0,3,0.250,601.38,47.2,1
291.6,1,4,0.250,602.32,47.1,1
291.6,2,5,0.250,601.93,49.1,1
291.7,0,0,0.250,603.64,48.6,1
291.7,1,1,0.250,601.39,46.3,1
291.7,2,2,0.250,603.33,48.3,1
291.7,0,3,0.250,601.38,47.2,1
291.7,1,4,0.250,602.32,47.1,1
291.7,2,5,0.250,601.93,49.1,1
291.8,0,0,0.250,603.64,48.6,1
291.8,1,1,0.250,601.39,46.3,1
291.8,2,2,0.250,603.33,48.3,1
291.8,0,3,0.250,601.38,47.2,1
291.8,1,4,0.250,602.32,47.1,1
291.8,2,5,0.250,601.93,49.1,1
291.9,0,0,0.250,603.64,48.6,1
291.9,1,1,0.250,601.39,46.3,1
291.9,2,2,0.250,603.33,48.3,1
291.9,0,3,0.250,601.38,47.2,1
291.9,1,4,0.250,602.32,47.1,1
291.9,2,5,0.250,601.93,49.1,1
292.0,0,0,0.250,603.64,48.6,1
292.0,1,1,0.250,601.39,46.3,1
292.0,2,2,0.250,603.33,48.3,1
292.0,0,3,0.250,601.38,47.2,1
292.0,1,4,0.250,602.32,47.1,1
292.0,2,5,0.250,601.93,49.1,1
292.1,0,0,0.250,603.64,48.6,1
292.1,1,1,0.250,601.39,46.3,1
292.1,2,2,0.250,603.33,48.3,1
292.1,0,3,0.250,601.38,47.2,1
292.1,1,4,0.250,602.32,47.1,1
292.1,2,5,0.250,601.93,49.1,1
292.2,0,0,0.250,603.64,48.6,1
292.2,1,1,0.250,601.39,46.3,1
292.2,2,2,0.250,603.33,48.3,1
292.2,0,3,0.250,601.38,47.2,1
292.2,1,4,0.250,602.32,47.1,1
292.2,2,5,0.250,601.93,49.1,1
292.3,0,0,0.250,603.64,48.6,1
292.3,1,1,0.250,601.39,46.3,1
292.3,2,2,0.250,603.33,48.3,1
292.3,0,3,0.250,601.38,47.2,1
292.3,1,4,0.250,602.32,47.1,1
292.3,2,5,0.250,601.93,49.1,1
292.4,0,0,0.250,603.64,48.6,1
292.4,1,1,0.250,601.39,46.3,1
292.4,2,2,0.250,603.33,48.3,1
292.4,0,3,0.250,601.38,47.2,1
292.4,1,4,0.250,602.32,47.1,1
292.4,2,5,0.250,601.93,49.1,1
292.5,0,0,0.250,603.64,48.6,1
292.5,1,1,0.250,601.39,46.3,1
292.5,2,2,0.250,603.33,48.3,1
292.5,0,3,0.250,601.38,47.2,1
292.5,1,4,0.250,602.32,47.1,1
292.5,2,5,0.250,601.93,49.1,1
292.6,0,0,0.250,603.64,48.6,1
292.6,1,1,0.250,601.39,46.3,1
292.6,2,2,0.250,603.33,48.3,1
292.6,0,3,0.250,601.38,47.2,1
292.6,1,4,0.250,602.32,47.1,1
292.6,2,5,0.250,601.93,49.1,1
292.7,0,0,0.250,603.64,48.6,1
292.7,1,1,0.250,601.39,46.3,1
292.7,2,2,0.250,603.33,48.3,1
292.7,0,3,0.250,601.38,47.2,1
292.7,1,4,0.250,602.32,47.1,1
292.7,2,5,0.250,601.93,49.1,1
292.8,0,0,0.250,603.64,48.6,1
292.8,1,1,0.250,601.39,46.3,1
292.8,2,2,0.250,603.33,48.3,1
292.8,0,3,0.250,601.38,47.2,1
292.8,1,4,0.250,602.32,47.1,1
292.8,2,5,0.250,601.93,49.1,1
292.9,0,0,0.250,603.64,48.6,1
292.9,1,1,0.250,601.39,46.3,1
292.9,2,2,0.250,603.33,48.3,1
292.9,0,3,0.250,601.38,47.2,1
292.9,1,4,0.250,602.32,47.1,1
292.9,2,5,0.250,601.93,49.1,1
293.0,0,0,0.250,603.64,48.6,1
293.0,1,1,0.250,601.39,46.3,1
293.0,2,2,0.250,603.33,48.3,1
293.0,0,3,0.250,601.38,47.2,1
293.0,1,4,0.250,602.32,47.1,1
293.0,2,5,0.250,601.93,49.1,1
293.1,0,0,0.250,603.64,48.6,1
293.1,1,1,0.250,601.39,46.3,1
293.1,2,2,0.250,603.33,48.3,1
293.1,0,3,0.250,601.38,47.2,1
293.1,1,4,0.250,602.32,47.1,1
293.1,2,5,0.250,601.93,49.1,1
293.2,0,0,0.250,603.64,48.6,1
293.2,1,1,0.250,601.39,46.3,1
293.2,2,2,0.250,603.33,48.3,1
293.2,0,3,0.250,601.38,47.2,1
293.2,1,4,0.250,602.32,47.1,1
293.2,2,5,0.250,601.93,49.1,1
293.3,0,0,0.250,603.64,48.6,1
293.3,1,1,0.250,601.39,46.3,1
293.3,2,2,0.250,603.33,48.3,1
293.3,0,3,0.250,601.38,47.2,1
293.3,1,4,0.250,602.32,47.1,1
293.3,2,5,0.250,601.93,49.1,1
293.4,0,0,0.250,603.64,48.6,1
293.4,1,1,0.250,601.39,46.3,1
293.4,2,2,0.250,603.33,48.3,1
293.4,0,3,0.250,601.38,47.2,1
293.4,1,4,0.250,602.32,47.1,1
293.4,2,5,0.250,601.93,49.1,1
293.5,0,0,0.250,603.64,48.6,1
293.5,1,1,0.250,601.39,46.3,1
293.5,2,2,0.250,603.33,48.3,1
293.5,0,3,0.250,601.38,47.2,1
293.5,1,4,0.250,602.32,47.1,1
293.5,2,5,0.250,601.93,49.1,1
293.6,0,0,0.250,603.64,48.6,1
293.6,1,1,0.250,601.39,46.3,1
293.6,2,2,0.250,603.33,48.3,1
293.6,0,3,0.250,601.38,47.2,1
293.6,1,4,0.250,602.32,47.1,1
293.6,2,5,0.250,601.93,49.1,1
293.7,0,0,0.250,603.64,48.6,1
293.7,1,1,0.250,601.39,46.3,1
293.7,2,2,0.250,603.33,48.3,1
293.7,0,3,0.250,601.38,47.2,1
293.7,1,4,0.250,602.32,47.1,1
293.7,2,5,0.250,601.93,49.1,1
293.8,0,0,0.250,603.64,48.6,1
293.8,1,1,0.250,601.39,46.3,1
293.8,2,2,0.250,603.33,48.3,1
293.8,0,3,0.250,601.38,47.2,1
293.8,1,4,0.250,602.32,47.1,1
293.8,2,5,0.250,601.93,49.1,1
293.9,0,0,0.250,603.64,48.6,1
293.9,1,1,0.250,601.39,46.3,1
293.9,2,2,0.250,603.33,48.3,1
293.9,0,3,0.250,601.38,47.2,1
293.9,1,4,0.250,602.32,47.1,1
293.9,2,5,0.250,601.93,49.1,1
294.0,0,0,0.250,603.64,48.6,1
294.0,1,1,0.250,601.39,46.3,1
294.0,2,2,0.250,603.33,48.3,1
294.0,0,3,0.250,601.38,47.2,1
294.0,1,4,0.250,602.32,47.1,1
294.0,2,5,0.250,601.93,49.1,1
294.1,0,0,0.250,603.64,48.6,1
294.1,1,1,0.250,601.39,46.3,1
294.1,2,2,0.250,603.33,48.3,1
294.1,0,3,0.250,601.38,47.2,1
294.1,1,4,0.250,602.32,47.1,1
294.1,2,5,0.250,601.93,49.1,1
294.2,0,0,0.250,603.64,48.6,1
294.2,1,1,0.250,601.39,46.3,1
294.2,2,2,0.250,603.33,48.3,1
294.2,0,3,0.250,601.38,47.2,1
294.2,1,4,0.250,602.32,47.1,1
294.2,2,5,0.250,601.93,49.1,1
294.3,0,0,0.250,603.64,48.6,1
294.3,1,1,0.250,601.39,46.3,1
294.3,2,2,0.250,603.33,48.3,1
294.3,0,3,0.250,601.38,47.2,1
294.3,1,4,0.250,602.32,47.1,1
294.3,2,5,0.250,601.93,49.1,1
294.4,0,0,0.250,603.64,48.6,1
294.4,1,1,0.250,601.39,46.3,1
294.4,2,2,0.250,603.33,48.3,1
294.4,0,3,0.250,601.38,47.2,1
294.4,1,4,0.250,602.32,47.1,1
294.4,2,5,0.250,601.93,49.1,1
294.5,0,0,0.250,603.64,48.6,1
294.5,1,1,0.250,601.39,46.3,1
294.5,2,2,0.250,603.33,48.3,1
294.5,0,3,0.250,601.38,47.2,1
294.5,1,4,0.250,602.32,47.1,1
294.5,2,5,0.250,601.93,49.1,1
294.6,0,0,0.250,603.64,48.6,1
294.6,1,1,0.250,601.39,46.3,1
294.6,2,2,0.250,603.33,48.3,1
294.6,0,3,0.250,601.38,47.2,1
294.6,1,4,0.250,602.32,47.1,1
294.6,2,5,0.250,601.93,49.1,1
294.7,0,0,0.250,603.64,48.6,1
294.7,1,1,0.250,601.39,46.3,1
294.7,2,2,0.250,603.33,48.3,1
294.7,0,3,0.250,601.38,47.2,1
294.7,1,4,0.250,602.32,47.1,1
294.7,2,5,0.250,601.93,49.1,1
294.8,0,0,0.250,603.64,48.6,1
294.8,1,1,0.250,601.39,46.3,1
294.8,2,2,0.250,603.33,48.3,1
294.8,0,3,0.250,601.38,47.2,1
294.8,1,4,0.250,602.32,47.1,1
294.8,2,5,0.250,601.93,49.1,1
294.9,0,0,0.250,603.64,48.6,1
294.9,1,1,0.250,601.39,46.3,1
294.9,2,2,0.250,603.33,48.3,1
294.9,0,3,0.250,601.38,47.2,1
294.9,1,4,0.250,602.32,47.1,1
294.9,2,5,0.250,601.93,49.1,1
295.0,0,0,0.250,603.64,48.6,1
295.0,1,1,0.250,601.39,46.3,1
295.0,2,2,0.250,603.33,48.3,1
295.0,0,3,0.250,601.38,47.2,1
295.0,1,4,0.250,602.32,47.1,1
295.0,2,5,0.250,601.93,49.1,1
295.1,0,0,0.250,603.64,48.6,1
295.1,1,1,0.250,601.39,46.3,1
295.1,2,2,0.250,603.33,48.3,1
295.1,0,3,0.250,601.38,47.2,1
295.1,1,4,0.250,602.32,47.1,1
295.1,2,5,0.250,601.93,49.1,1
295.2,0,0,0.250,603.64,48.6,1
295.2,1,1,0.250,601.39,46.3,1
295.2,2,2,0.250,603.33,48.3,1
295.2,0,3,0.250,601.38,47.2,1
295.2,1,4,0.250,602.32,47.1,1
295.2,2,5,0.250,601.93,49.1,1
295.3,0,0,0.250,603.64,48.6,1
295.3,1,1,0.250,601.39,46.3,1
295.3,2,2,0.250,603.33,48.3,1
295.3,0,3,0.250,601.38,47.2,1
295.3,1,4,0.250,602.32,47.1,1
295.3,2,5,0.250,601.93,49.1,1
295.4,0,0,0.250,603.64,48.6,1
295.4,1,1,0.250,601.39,46.3,1
295.4,2,2,0.250,603.33,48.3,1
295.4,0,3,0.250,601.38,47.2,1
295.4,1,4,0.250,602.32,47.1,1
295.4,2,5,0.250,601.93,49.1,1
295.5,0,0,0.250,603.64,48.6,1
295.5,1,1,0.250,601.39,46.3,1
295.5,2,2,0.250,603.33,48.3,1
295.5,0,3,0.250,601.38,47.2,1
295.5,1,4,0.250,602.32,47.1,1
295.5,2,5,0.250,601.93,49.1,1
295.6,0,0,0.250,603.64,48.6,1
295.6,1,1,0.250,601.39,46.3,1
295.6,2,2,0.250,603.33,48.3,1
295.6,0,3,0.250,601.38,47.2,1
295.6,1,4,0.250,602.32,47.1,1
295.6,2,5,0.250,601.93,49.1,1
295.7,0,0,0.250,603.64,48.6,1
295.7,1,1,0.250,601.39,46.3,1
295.7,2,2,0.250,603.33,48.3,1
295.7,0,3,0.250,601.38,47.2,1
295.7,1,4,0.250,602.32,47.1,1
295.7,2,5,0.250,601.93,49.1,1
295.8,0,0,0.250,603.64,48.6,1
295.8,1,1,0.250,601.39,46.3,1
295.8,2,2,0.250,603.33,48.3,1
295.8,0,3,0.250,601.38,47.2,1
295.8,1,4,0.250,602.32,47.1,1
295.8,2,5,0.250,601.93,49.1,1
295.9,0,0,0.250,603.64,48.6,1
295.9,1,1,0.250,601.39,46.3,1
295.9,2,2,0.250,603.33,48.3,1
295.9,0,3,0.250,601.38,47.2,1
295.9,1,4,0.250,602.32,47.1,1
295.9,2,5,0.250,601.93,49.1,1
296.0,0,0,0.250,603.64,48.6,1
296.0,1,1,0.250,601.39,46.3,1
296.0,2,2,0.250,603.33,48.3,1
296.0,0,3,0.250,601.38,47.2,1
296.0,1,4,0.250,602.32,47.1,1
296.0,2,5,0.250,601.93,49.1,1
296.1,0,0,0.250,603.64,48.6,1
296.1,1,1,0.250,601.39,46.3,1
296.1,2,2,0.250,603.33,48.3,1
296.1,0,3,0.250,601.38,47.2,1
296.1,1,4,0.250,602.32,47.1,1
296.1,2,5,0.250,601.93,49.1,1
296.2,0,0,0.250,603.64,48.6,1
296.2,1,1,0.250,601.39,46.3,1
296.2,2,2,0.250,603.33,48.3,1
296.2,0,3,0.250,601.38,47.2,1
296.2,1,4,0.250,602.32,47.1,1
296.2,2,5,0.250,601.93,49.1,1
296.3,0,0,0.250,603.64,48.6,1
296.3,1,1,0.250,601.39,46.3,1
296.3,2,2,0.250,603.33,48.3,1
296.3,0,3,0.250,601.38,47.2,1
296.3,1,4,0.250,602.32,47.1,1
296.3,2,5,0.250,601.93,49.1,1
296.4,0,0,0.250,603.64,48.6,1
296.4,1,1,0.250,601.39,46.3,1
296.4,2,2,0.250,603.33,48.3,1
296.4,0,3,0.250,601.38,47.2,1
296.4,1,4,0.250,602.32,47.1,1
296.4,2,5,0.250,601.93,49.1,1
296.5,0,0,0.250,603.64,48.6,1
296.5,1,1,0.250,601.39,46.3,1
296.5,2,2,0.250,603.33,48.3,1
296.5,0,3,0.250,601.38,47.2,1
296.5,1,4,0.250,602.32,47.1,1
296.5,2,5,0.250,601.93,49.1,1
296.6,0,0,0.250,603.64,48.6,1
296.6,1,1,0.250,601.39,46.3,1
296.6,2,2,0.250,603.33,48.3,1
296.6,0,3,0.250,601.38,47.2,1
296.6,1,4,0.250,602.32,47.1,1
296.6,2,5,0.250,601.93,49.1,1
296.7,0,0,0.250,603.64,48.6,1
296.7,1,1,0.250,601.39,46.3,1
296.7,2,2,0.250,603.33,48.3,1
296.7,0,3,0.250,601.38,47.2,1
296.7,1,4,0.250,602.32,47.1,1
296.7,2,5,0.250,601.93,49.1,1
296.8,0,0,0.250,603.64,48.6,1
296.8,1,1,0.250,601.39,46.3,1
296.8,2,2,0.250,603.33,48.3,1
296.8,0,3,0.250,601.38,47.2,1
296.8,1,4,0.250,602.32,47.1,1
296.8,2,5,0.250,601.93,49.1,1
296.9,0,0,0.250,603.64,48.6,1
296.9,1,1,0.250,601.39,46.3,1
296.9,2,2,0.250,603.33,48.3,1
296.9,0,3,0.250,601.38,47.2,1
296.9,1,4,0.250,602.32,47.1,1
296.9,2,5,0.250,601.93,49.1,1
297.0,0,0,0.250,603.64,48.6,1
297.0,1,1,0.250,601.39,46.3,1
297.0,2,2,0.250,603.33,48.3,1
297.0,0,3,0.250,601.38,47.2,1
297.0,1,4,0.250,602.32,47.1,1
297.0,2,5,0.250,601.93,49.1,1
297.1,0,0,0.250,603.64,48.6,1
297.1,1,1,0.250,601.39,46.3,1
297.1,2,2,0.250,603.33,48.3,1
297.1,0,3,0.250,601.38,47.2,1
297.1,1,4,0.250,602.32,47.1,1
297.1,2,5,0.250,601.93,49.1,1
297.2,0,0,0.250,603.64,48.6,1
297.2,1,1,0.250,601.39,46.3,1
297.2,2,2,0.250,603.33,48.3,1
297.2,0,3,0.250,601.38,47.2,1
297.2,1,4,0.250,602.32,47.1,1
297.2,2,5,0.250,601.93,49.1,1
297.3,0,0,0.250,603.64,48.6,1
297.3,1,1,0.250,601.39,46.3,1
297.3,2,2,0.250,603.33,48.3,1
297.3,0,3,0.250,601.38,47.2,1
297.3,1,4,0.250,602.32,47.1,1
297.3,2,5,0.250,601.93,49.1,1
297.4,0,0,0.250,603.64,48.6,1
297.4,1,1,0.250,601.39,46.3,1
297.4,2,2,0.250,603.33,48.3,1
297.4,0,3,0.250,601.38,47.2,1
297.4,1,4,0.250,602.32,47.1,1
297.4,2,5,0.250,601.93,49.1,1
297.5,0,0,0.250,603.64,48.6,1
297.5,1,1,0.250,601.39,46.3,1
297.5,2,2,0.250,603.33,48.3,1
297.5,0,3,0.250,601.38,47.2,1
297.5,1,4,0.250,602.32,47.1,1
297.5,2,5,0.250,601.93,49.1,1
297.6,0,0,0.250,603.64,48.6,1
297.6,1,1,0.250,601.39,46.3,1
297.6,2,2,0.250,603.33,48.3,1
297.6,0,3,0.250,601.38,47.2,1
297.6,1,4,0.250,602.32,47.1,1
297.6,2,5,0.250,601.93,49.1,1
297.7,0,0,0.250,603.64,48.6,1
297.7,1,1,0.250,601.39,46.3,1
297.7,2,2,0.250,603.33,48.3,1
297.7,0,3,0.250,601.38,47.2,1
297.7,1,4,0.250,602.32,47.1,1
297.7,2,5,0.250,601.93,49.1,1
297.8,0,0,0.250,603.64,48.6,1
297.8,1,1,0.250,601.39,46.3,1
297.8,2,2,0.250,603.33,48.3,1
297.8,0,3,0.250,601.38,47.2,1
297.8,1,4,0.250,602.32,47.1,1
297.8,2,5,0.250,601.93,49.1,1
297.9,0,0,0.250,603.64,48.6,1
297.9,1,1,0.250,601.39,46.3,1
297.9,2,2,0.250,603.33,48.3,1
297.9,0,3,0.250,601.38,47.2,1
297.9,1,4,0.250,602.32,47.1,1
297.9,2,5,0.250,601.93,49.1,1
298.0,0,0,0.250,603.64,48.6,1
298.0,1,1,0.250,601.39,46.3,1
298.0,2,2,0.250,603.33,48.3,1
298.0,0,3,0.250,601.38,47.2,1
298.0,1,4,0.250,602.32,47.1,1
298.0,2,5,0.250,601.93,49.1,1
298.1,0,0,0.250,603.64,48.6,1
298.1,1,1,0.250,601.39,46.3,1
298.1,2,2,0.250,603.33,48.3,1
298.1,0,3,0.250,601.38,47.2,1
298.1,1,4,0.250,602.32,47.1,1
298.1,2,5,0.250,601.93,49.1,1
298.2,0,0,0.250,603.64,48.6,1
298.2,1,1,0.250,601.39,46.3,1
298.2,2,2,0.250,603.33,48.3,1
298.2,0,3,0.250,601.38,47.2,1
298.2,1,4,0.250,602.32,47.1,1
298.2,2,5,0.250,601.93,49.1,1
298.3,0,0,0.250,603.64,48.6,1
298.3,1,1,0.250,601.39,46.3,1
298.3,2,2,0.250,603.33,48.3,1
298.3,0,3,0.250,601.38,47.2,1
298.3,1,4,0.250,602.32,47.1,1
298.3,2,5,0.250,601.93,49.1,1
298.4,0,0,0.250,603.64,48.6,1
298.4,1,1,0.250,601.39,46.3,1
298.4,2,2,0.250,603.33,48.3,1
298.4,0,3,0.250,601.38,47.2,1
298.4,1,4,0.250,602.32,47.1,1
298.4,2,5,0.250,601.93,49.1,1
298.5,0,0,0.250,603.64,48.6,1
298.5,1,1,0.250,601.39,46.3,1
298.5,2,2,0.250,603.33,48.3,1
298.5,0,3,0.250,601.38,47.2,1
298.5,1,4,0.250,602.32,47.1,1
298.5,2,5,0.250,601.93,49.1,1
298.6,0,0,0.250,603.64,48.6,1
298.6,1,1,0.250,601.39,46.3,1
298.6,2,2,0.250,603.33,48.3,1
298.6,0,3,0.250,601.38,47.2,1
298.6,1,4,0.250,602.32,47.1,1
298.6,2,5,0.250,601.93,49.1,1
298.7,0,0,0.250,603.64,48.6,1
298.7,1,1,0.250,601.39,46.3,1
298.7,2,2,0.250,603.33,48.3,1
298.7,0,3,0.250,601.38,47.2,1
298.7,1,4,0.250,602.32,47.1,1
298.7,2,5,0.250,601.93,49.1,1
298.8,0,0,0.250,603.64,48.6,1
298.8,1,1,0.250,601.39,46.3,1
298.8,2,2,0.250,603.33,48.3,1
298.8,0,3,0.250,601.38,47.2,1
298.8,1,4,0.250,602.32,47.1,1
298.8,2,5,0.250,601.93,49.1,1
298.9,0,0,0.250,603.64,48.6,1
298.9,1,1,0.250,601.39,46.3,1
298.9,2,2,0.250,603.33,48.3,1
298.9,0,3,0.250,601.38,47.2,1
298.9,1,4,0.250,602.32,47.1,1
298.9,2,5,0.250,601.93,49.1,1
299.0,0,0,0.250,603.64,48.6,1
299.0,1,1,0.250,601.39,46.3,1
299.0,2,2,0.250,603.33,48.3,1
299.0,0,3,0.250,601.38,47.2,1
299.0,1,4,0.250,602.32,47.1,1
299.0,2,5,0.250,601.93,49.1,1
299.1,0,0,0.250,603.64,48.6,1
299.1,1,1,0.250,601.39,46.3,1
299.1,2,2,0.250,603.33,48.3,1
299.1,0,3,0.250,601.38,47.2,1
299.1,1,4,0.250,602.32,47.1,1
299.1,2,5,0.250,601.93,49.1,1
299.2,0,0,0.250,603.64,48.6,1
299.2,1,1,0.250,601.39,46.3,1
299.2,2,2,0.250,603.33,48.3,1
299.2,0,3,0.250,601.38,47.2,1
299.2,1,4,0.250,602.32,47.1,1
299.2,2,5,0.250,601.93,49.1,1
299.3,0,0,0.250,603.64,48.6,1
299.3,1,1,0.250,601.39,46.3,1
299.3,2,2,0.250,603.33,48.3,1
299.3,0,3,0.250,601.38,47.2,1
299.3,1,4,0.250,602.32,47.1,1
299.3,2,5,0.250,601.93,49.1,1
299.4,0,0,0.250,603.64,48.6,1
299.4,1,1,0.250,601.39,46.3,1
299.4,2,2,0.250,603.33,48.3,1
299.4,0,3,0.250,601.38,47.2,1
299.4,1,4,0.250,602.32,47.1,1
299.4,2,5,0.250,601.93,49.1,1
299.5,0,0,0.250,603.64,48.6,1
299.5,1,1,0.250,601.39,46.3,1
299.5,2,2,0.250,603.33,48.3,1
299.5,0,3,0.250,601.38,47.2,1
299.5,1,4,0.250,602.32,47.1,1
299.5,2,5,0.250,601.93,49.1,1
299.6,0,0,0.250,603.64,48.6,1
299.6,1,1,0.250,601.39,46.3,1
299.6,2,2,0.250,603.33,48.3,1
299.6,0,3,0.250,601.38,47.2,1
299.6,1,4,0.250,602.32,47.1,1
299.6,2,5,0.250,601.93,49.1,1
299.7,0,0,0.250,603.64,48.6,1
299.7,1,1,0.250,601.39,46.3,1
299.7,2,2,0.250,603.33,48.3,1
299.7,0,3,0.250,601.38,47.2,1
299.7,1,4,0.250,602.32,47.1,1
299.7,2,5,0.250,601.93,49.1,1
299.8,0,0,0.250,603.64,48.6,1
299.8,1,1,0.250,601.39,46.3,1
299.8,2,2,0.250,603.33,48.3,1
299.8,0,3,0.250,601.38,47.2,1
299.8,1,4,0.250,602.32,47.1,1
299.8,2,5,0.250,601.93,49.1,1
299.9,0,0,0.250,603.64,48.6,1
299.9,1,1,0.250,601.39,46.3,1
299.9,2,2,0.250,603.33,48.3,1
299.9,0,3,0.250,601.38,47.2,1
299.9,1,4,0.250,602.32,47.1,1
299.9,2,5,0.250,601.93,49.1,1
300.0,0,0,0.250,603.64,48.6,1
300.0,1,1,0.250,601.39,46.3,1
300.0,2,2,0.250,603.33,48.3,1
300.0,0,3,0.250,601.38,47.2,1
300.0,1,4,0.250,602.32,47.1,1
300.0,2,5,0.250,601.93,49.1,1
300.1,0,0,0.250,603.64,48.6,1
300.1,1,1,0.250,601.39,46.3,1
300.1,2,2,0.250,603.33,48.3,1
300.1,0,3,0.250,601.38,47.2,1
300.1,1,4,0.250,602.32,47.1,1
300.1,2,5,0.250,601.93,49.1,1
